occ,title,function,emp,wage,wage_bill,n_tasks,n_goes,share_goes,band_lo,band_hi,freed,freed_agreed,freed_agreed3,freed_contested,freed_physical_removed,ai_exposure,cost_share_goes_before,cost_share_stays_after_modelled
11-1011,Chief Executives,Executive,210750.0,263957.6830367734,55629081700.0,49,2,0.03757692377727304,0.0,0.3178313165156964,2090369762.8405948,0.0,0.0,9628109061.866362,0.0,0.0333,0.03757692377727305,0.9697653057891723
11-1021,General and Operations Managers,Executive,3584370.0,133114.97922926483,477133338100.0,17,1,0.10753591906116033,0.0,0.27963313960931263,51308972027.30285,0.0,0.0,133422293345.17467,0.0,0.1378,0.10753591906116033,0.91222911527635
11-1031,Legislators,Executive,26510.0,67382.50094304036,1786310100.0,30,0,0.0,0.0,0.2,0.0,0.0,0.0,595436700.0000001,0.0,0.0,,
11-2011,Advertising and Promotions Managers,Operations,18500.0,154329.5081081081,2855095900.0,30,2,0.07855149599108868,0.0,0.3619393783218171,224272054.14302373,3767221.4166369163,3767221.4166369163,623422567.832989,0.0,0.1731,0.07855149599108868,0.936266658248248
11-2021,Marketing Managers,Marketing,383070.0,172021.88607826247,65896423900.0,20,1,0.06327118762970912,0.0,0.3205951626252738,4169345000.7037487,4169345000.7037487,4169345000.7037487,10204949653.125938,0.0,0.3195,0.06327118762970911,0.9488245396841888
11-2022,Sales Managers,Sales,602830.0,160920.72010351176,97007837700.0,17,2,0.08011634134651652,0.0,0.38595961088176683,7771913038.460673,0.0,0.0,17549782582.350643,0.0,0.0433,0.08011634134651652,0.9349761781915076
11-2032,Public Relations Managers,Marketing,73800.0,164690.26422764227,12154141500.0,20,1,0.05,0.0,0.4,607707075.0,607707075.0,607707075.0,3646242450.0,0.0,0.2315,0.04999999999999999,0.9596678756157102
11-2033,Fundraising Managers,Marketing,36260.0,137032.66409266408,4968804400.0,16,0,0.0,0.0,0.3095854860728615,0.0,0.0,0.0,494099405.7568616,0.0,,,
11-3012,Administrative Services Managers,Operations,253300.0,125336.40307935255,31747710900.0,18,2,0.1413785835593743,0.0037297164614878433,0.19187741605379363,4488446398.294508,118409959.95828703,118409959.95828703,4488446398.294508,0.0,0.0,0.14137858355937433,0.8837968028459565
11-3013,Facilities Managers,Operations,140440.0,114593.77741384221,16093550100.0,39,1,0.04470532681338819,0.0,0.34542117203591965,719467416.8081361,0.0,0.0,3976903932.1715593,236244634.22138992,0.1345,0.04470532681338819,0.9639776034011183
11-3021,Computer and Information Systems Managers,IT & software,645190.0,188041.7229033308,121322639200.0,17,1,0.040895031403371765,0.0,0.3207969448484154,4961493140.023942,0.0,0.0,29509210482.932514,0.0,0.1559,0.040895031403371765,0.9670733489061398
11-3031,Financial Managers,Finance,818060.0,180443.73982348482,147613805800.0,59,2,0.05669068062245286,0.0,0.3260839597871319,8368327120.072579,2021845226.9558473,2021845226.9558473,45668683418.729576,3957383406.0713854,0.3907,0.05669068062245286,0.954208530332744
11-3051,Industrial Production Managers,Operations,233360.0,129196.79936578676,30149365100.0,91,1,0.008231614069839627,0.0,0.18672301622679946,248177937.9538918,248177937.9538918,0.0,5178921020.57703,666133942.5813662,0.0132,0.008231614069839627,0.993416002857584
11-3061,Purchasing Managers,Procurement,79910.0,150406.51107495933,12018984300.0,18,3,0.20866910462153962,0.0,0.5286578376249634,2507990692.341342,1832989638.3861916,1832989638.3861916,2760563075.1206303,0.0,0.2004,0.20866910462153962,0.8260613566508452
11-3071,"Transportation, Storage, and Distribution Managers",Supply chain,211660.0,115641.5524898422,24476691000.0,60,5,0.0828826400284437,0.02005397633213703,0.44496734758877954,2028692769.2404475,1259852641.0735743,954533622.696248,4553374854.2983885,0.0,0.0956,0.08288264002844373,0.9326928717768482
11-3111,Compensation and Benefits Managers,People,18570.0,157307.38826063543,2921198200.0,22,1,0.020848322210139773,0.020848322210139773,0.4284313796913878,60902081.31328033,60902081.31328033,60902081.31328033,841450805.4524504,0.0,0.0,0.020848322210139773,0.9832820511856977
11-3121,Human Resources Managers,People,214050.0,160602.2125671572,34376903600.0,26,1,0.038942445875752574,0.038942445875752574,0.19966616025935272,1338720707.8189638,1338720707.8189638,1338720707.8189638,6903497157.06164,0.0,0.0,0.038942445875752574,0.9686579068054367
11-3131,Training and Development Managers,People,42310.0,140890.62632947293,5961082400.0,12,0,0.0,0.0,0.2857434351345642,0.0,0.0,0.0,1105466220.457367,0.0,0.3777,,
11-9013,"Farmers, Ranchers, and Other Agricultural Managers",Operations,4570.0,101263.34792122539,462773500.0,30,1,0.048858657122308045,0.0,0.2898305237067117,22610491.76179042,0.0,0.0,72893952.99562705,53167599.65705368,0.0,0.04885865712230803,0.9605976845238166
11-9021,Construction Managers,Operations,346570.0,119567.28857085148,41438435200.0,25,2,0.07922616708779956,0.0,0.5248432135354819,3283008391.0121546,0.0,0.0,6779893045.381997,0.0,0.1186,0.07922616708779956,0.9357103790586915
11-9031,"Education and Childcare Administrators, Preschool and Daycare",Education,71110.0,62641.38377162143,4454428800.0,17,1,0.08178924904524042,0.0,0.28257730359495437,364324386.47749144,0.0,0.0,906336866.3455361,0.0,0.0395,0.08178924904524042,0.933595667363219
11-9032,"Education Administrators, Kindergarten through Secondary",Education,319310.0,113359.73505370956,36196897000.0,32,1,0.0321082940806711,0.0,0.21077818189498876,1162220613.6837614,1162220613.6837614,1162220613.6837614,8990333749.142796,0.0,0.0525,0.0321082940806711,0.9741940600395851
11-9033,"Education Administrators, Postsecondary",Education,176080.0,124400.77351203999,21904488200.0,27,4,0.10605150415075029,0.0,0.23321667269142776,2323003921.2623606,1227628177.205766,1227628177.205766,2362690200.748703,0.0,0.0644,0.10605150415075029,0.9134671495522532
11-9041,Architectural and Engineering Managers,Engineering,207610.0,174859.93786426474,36302671700.0,37,3,0.09735938504139136,0.0,0.2079371445420644,3534405792.0715213,0.0,0.0,8436295474.795647,0.0,0.0306,0.09735938504139133,0.920701404010487
11-9051,Food Service Managers,Operations,243390.0,72294.7097251325,17595809400.0,28,4,0.10379546621565092,0.019215230276565902,0.509081204281601,1826365240.1147327,1529923220.142922,1529923220.142922,3207190200.573067,1562387737.7984333,0.0,0.10379546621565092,0.9153472858623803
11-9071,Gambling Managers,Operations,4500.0,102655.62222222223,461950300.0,19,5,0.23886352130484947,0.09675794310276215,0.5564402272688243,110343075.3258316,110343075.3258316,110343075.3258316,112451074.08086485,21008479.601527683,0.0,0.23886352130484942,0.7996198852429024
11-9072,"Entertainment and Recreation Managers, Except Gambling",Operations,36100.0,87175.1163434903,3147021700.0,17,2,0.13092680270983542,0.0,0.5826294812011803,412029489.2394709,152748767.78993344,152748767.78993344,575971849.5234262,276774472.4995136,,0.13092680270983545,0.8926201850711275
11-9081,Lodging Managers,Operations,39860.0,77441.26191670848,3086808700.0,24,5,0.2021828305843852,0.07829538525294698,0.4524771247464864,624099720.4385062,472302268.7455247,472302268.7455247,479640835.9219599,411032886.88393426,0.1215,0.2021828305843852,0.8316976725604881
11-9111,Medical and Health Services Managers,Clinical,564500.0,137643.38901682905,77699693100.0,18,1,0.04551082501053741,0.0,0.21420619685178532,3536177136.046561,0.0,0.0,16643755755.501905,0.0,0.0659,0.045510825010537416,0.9633225471129166
11-9121,Natural Sciences Managers,Operations,99620.0,173423.82051796827,17276481000.0,70,6,0.0740916768869662,0.0062023221628691215,0.3813176077460051,1280043447.9958107,973179972.1689302,973179972.1689302,2279845103.7016063,152446862.72837156,0.0613,0.07409167688696619,0.9399400023971314
11-9131,Postmasters and Mail Superintendents,Operations,13810.0,93760.0,1294825600.0,13,3,0.33114179559845613,0.0,0.5066645020459972,428770874.1708483,0.0,0.0,722487535.1766025,45762553.46691752,0.0,0.33114179559845613,0.7166745137476306
11-9141,"Property, Real Estate, and Community Association Managers",Operations,292500.0,81276.70153846154,23773435200.0,27,3,0.1155389553966567,0.03986158250692984,0.34287200872543566,2746757869.1981087,947646748.69795,947646748.69795,5871460718.812261,1354815905.7320328,0.1653,0.1155389553966567,0.9055413458972082
11-9151,Social and Community Service Managers,Social services,194700.0,86027.20133538777,16749496100.0,16,1,0.07559070362824065,0.0,0.30168848005591453,1266106195.6174726,1266106195.6174726,1266106195.6174726,1385714487.162116,0.0,0.1808,0.07559070362824065,0.9387060722083248
11-9161,Emergency Management Directors,Operations,12120.0,97117.16171617161,1177060000.0,23,0,0.0,0.0,0.43110319588360885,0.0,0.0,0.0,115765248.83015588,0.0,0.0,,
11-9171,Funeral Home Managers,Operations,13030.0,85720.0,1116931600.0,23,3,0.19954190453171008,0.07302857949891588,0.4415743573081558,222874658.6956502,49867484.88337486,49867484.88337486,203494491.62907875,75112705.86718668,0.0108,0.19954190453171008,0.8339881359879187
11-9179,"Personal Service Managers, All Other",Operations,9230.0,68194.51787648971,629435400.0,45,8,0.24312935234940153,0.17999413357425365,0.578353213335402,153034221.1477865,151121955.0369115,151121955.0369115,95365018.85866103,19105912.353140447,0.1244,0.2431293523494015,0.7958569927155031
11-9199,"Managers, All Other",Operations,630260.0,149961.74388347665,94514888700.0,97,7,0.09747053468624937,0.0,0.38640600990495566,9212416737.400349,9212416737.40035,1857842211.0035737,21563013740.25915,0.0,0.0686,0.09747053468624937,0.9206090598132065
13-1011,"Agents and Business Managers of Artists, Performers, and Athletes",Sales,13220.0,171659.85627836612,2269343300.0,14,2,0.08513155778545359,0.0,0.4034325068373828,193192730.27898192,0.0,0.0,624602557.658884,49214169.259255365,0.118,0.08513155778545359,0.9308347037719057
13-1021,"Buyers and Purchasing Agents, Farm Products",Procurement,160423.33333333334,81852.42982109834,13131039633.333334,12,3,0.26872870157701406,0.0,0.564374706009865,3528687231.0219774,3257038582.688691,3257038582.688691,1889976456.345613,666121110.7986292,,0.26872870157701406,0.7731321317411428
13-1022,"Wholesale and Retail Buyers, Except Farm Products",Procurement,160423.33333333334,81852.42982109834,13131039633.333334,20,1,0.04454301468617687,0.04454301468617687,0.402694078446638,584896091.2323372,584896091.2323372,584896091.2323372,2525271574.9850035,444748950.805173,,0.04454301468617687,0.9641095747193738
13-1023,"Purchasing Agents, Except Wholesale, Retail, and Farm Products",Procurement,160423.33333333334,81852.42982109834,13131039633.333334,19,3,0.21220034251364953,0.0,0.5267447936185757,2786411107.75364,1451065853.808623,1451065853.808623,2384121026.557492,0.0,,0.21220034251364958,0.8229863804245292
13-1031,"Claims Adjusters, Examiners, and Investigators",Claims & underwriting,303890.0,78794.1251768732,23944746700.0,29,6,0.19057418402779885,0.05755599710668802,0.8374269720488803,4563250564.10483,4452824986.060667,4452824986.060667,3713690183.2544956,0.0,0.0818,0.1905741840277989,0.84174688211759
13-1032,"Insurance Appraisers, Auto Damage",Claims & underwriting,7480.0,77221.564171123,577617300.0,7,2,0.32592570077163907,0.17593746030727314,0.8217691348043081,188260323.28032207,101624520.79154429,0.0,193915496.76580963,0.0,0.0,0.32592570077163907,0.7214510848117237
13-1041,Compliance Officers,Legal & compliance,396690.0,85022.91537472585,33727740300.0,93,8,0.10303597082929063,0.0,0.400386419498027,3475170465.6886897,3207663822.0300765,0.0,5418139086.281975,251708479.7113453,0.1211,0.10303597082929065,0.9159798412106287
13-1051,Cost Estimators,Finance,216540.0,82968.24050983653,17965942800.0,14,2,0.0785052499836908,0.0,0.35004614339281215,1410420830.7066898,647351727.5053158,647351727.5053158,9048920268.868792,476115897.7826695,0.0,0.0785052499836908,0.9363047833359364
13-1071,Human Resources Specialists,People,915020.0,79752.61786627615,72975240400.0,26,8,0.34855241650051927,0.09619747921653965,0.7026618676321705,25435696386.12632,16525255660.910505,16525255660.910505,28157008789.99413,0.0,0.4034,0.34855241650051927,0.7006527884930178
13-1074,Farm Labor Contractors,Operations,350.0,55250.0,19337500.0,7,0,0.0,0.0,0.17501024464852874,0.0,0.0,0.0,0.0,3247323.7989751245,0.0,,
13-1075,Labor Relations Specialists,People,62440.0,97051.44298526585,6059892100.0,28,2,0.09595254189287267,0.03100133218046908,0.3676772191634662,581462050.5915381,187864727.96990034,187864727.96990034,459028034.30235255,0.0,0.0,0.09595254189287267,0.9218698583392192
13-1081,Logisticians,Supply chain,234230.0,87475.54583102079,20489397100.0,71,11,0.1665082650986154,0.02658886437147092,0.47242264466586714,3411653964.037602,2690547044.802531,1608843204.0206642,6323218800.303772,0.0,0.1571,0.16650826509861547,0.8624249848046363
13-1082,Project Management Specialists,Operations,1005460.0,108134.80118552702,108725217200.0,20,2,0.1,0.0,0.6500000000000001,10872521720.0,5436260860.0,5436260860.0,38053826020.0,0.0,,0.09999999999999998,0.9185064145497246
13-1111,Management Analysts,Strategy,888200.0,114209.05246566089,101440480400.0,11,0,0.0,0.0,0.5113548039589498,0.0,0.0,0.0,31977426228.7347,0.0,0.2435,,
13-1121,"Meeting, Convention, and Event Planners",Operations,132280.0,64986.697913516786,8596440400.0,21,3,0.15932769634482474,0.06543790551277288,0.7285945610436408,1369651045.6975837,1369651045.6975837,1369651045.6975837,483771189.80151105,0.0,0.1023,0.15932769634482474,0.8685545970495204
13-1131,Fundraisers,Marketing,99240.0,72963.13381700926,7240861400.0,28,4,0.17505243997385408,0.08982098284142342,0.41534760249711933,1267530455.5824971,833555643.9529271,833555643.9529271,1716259530.536764,30434605.72192458,0.0466,0.1750524399738541,0.8551073923080204
13-1141,"Compensation, Benefits, and Job Analysis Specialists",People,97720.0,83293.20405239459,8139411900.0,22,4,0.10785111306701509,0.0,0.38842995087626303,877844633.1259081,260739355.95268697,260739355.95268697,617105277.1732211,0.0,0.0649,0.10785111306701509,0.911966139194655
13-1151,Training and Development Specialists,People,435790.0,73811.76621767365,32166429600.0,20,1,0.032138860407691774,0.0,0.530707203512156,1033792390.7282448,0.0,0.0,6657538503.8207,0.0,0.2793,0.032138860407691774,0.974169333285671
13-1161,Market Research Analysts and Marketing Specialists,Marketing,856110.0,86612.53460419805,74149857000.0,49,6,0.11958377654945418,0.0,0.6745427451631058,8867119930.661982,3430727828.6445637,3430727828.6445637,36058510005.065475,0.0,0.6483,0.11958377654945418,0.9021528673761207
13-1199,"Business Operations Specialists, All Other",Operations,1126390.0,92397.84568399933,104076009400.0,70,8,0.12686925455400913,0.0944657566489654,0.4069470139915153,13204045729.534046,9831618976.975834,3645839520.204965,18504816641.0712,1839297502.227913,0.1846,0.12686925455400913,0.8960352864713241
13-2011,Accountants and Auditors,Finance,1447820.0,93516.4045944938,135394920900.0,29,4,0.14982154836745828,0.0013617843564457275,0.45484919910864485,20285076690.327538,20285076690.327534,20285076690.327534,184378685.22382668,11095875083.976023,0.3478,0.14982154836745828,0.8766412819406423
13-2022,Appraisers of Personal and Business Property,Finance,28290.0,74634.79674796748,2111418400.0,14,2,0.1741156255735734,0.08019046472641037,0.6422657873628911,367630935.56355345,169315622.7278938,169315622.7278938,198315312.83565962,501693751.00279945,,0.17411562557357343,0.8559109942424797
13-2023,Appraisers and Assessors of Real Estate,Finance,28290.0,74634.79674796748,2111418400.0,28,8,0.31944496894642516,0.12612981816889282,0.6381394439812036,674481985.2209107,674481985.2209105,674481985.2209105,206380979.77457452,0.0,,0.31944496894642516,0.7273707823460442
13-2031,Budget Analysts,Finance,46000.0,93991.93043478261,4323628800.0,13,3,0.2524912768558558,0.0,0.6860403042811574,1091678556.3627517,643970991.851918,643970991.851918,1553471765.4248617,0.0,0.0672,0.2524912768558558,0.7875749422095274
13-2041,Credit Analysts,Finance,65970.0,98574.07761103532,6502931900.0,11,2,0.18642349474696923,0.0,0.591111211021121,1212299290.8995485,1212299290.8995485,1212299290.8995485,0.0,0.0,0.1685,0.18642349474696923,0.8453281380331086
13-2051,Financial and Investment Analysts,Finance,338010.0,116502.89547646519,39379143700.0,26,1,0.038461538461538464,0.038461538461538464,0.3076923076923077,1514582450.0,0.0,0.0,9087494700.0,0.0,0.5716,0.038461538461538464,0.9690479788841989
13-2052,Personal Financial Advisors,Finance,268680.0,160446.56543099598,43108783200.0,21,2,0.08811536878358876,0.0,0.5817582340071596,3798546329.479776,3798546329.479776,3798546329.479776,9434256978.487814,0.0,0.3504,0.08811536878358876,0.9283666840729907
13-2053,Insurance Underwriters,Claims & underwriting,107340.0,90836.9237935532,9750435400.0,7,1,0.13690637222609403,0.0,0.7927186473580055,1334896738.238884,1334896738.238884,1334896738.238884,1234554021.1640034,0.0,0.0625,0.13690637222609403,0.8875769164978352
13-2054,Financial Risk Specialists,Finance,54050.0,120868.39407955596,6532936700.0,30,5,0.16666666666666666,0.03333333333333333,0.36666666666666664,1088822783.3333333,653293670.0,653293670.0,871058226.6666666,0.0,0.2649,0.16666666666666666,0.8622895601850669
13-2061,Financial Examiners,Finance,61150.0,104438.15699100573,6386393300.0,17,1,0.05777549895311789,0.0,0.40615249035316825,368977059.41834915,0.0,0.0,731481325.4935932,0.0,0.0428,0.05777549895311789,0.9533219560517652
13-2071,Credit Counselors,Finance,26370.0,55894.47478194918,1473937300.0,23,5,0.2481918509800824,0.11351705233309611,0.7555209691217549,365819226.715585,247819375.59437075,247819375.59437075,373029806.47264785,0.0,0.2341,0.2481918509800823,0.7913825241583519
13-2072,Loan Officers,Finance,284300.0,86231.3756595146,24515580100.0,30,12,0.33575984433664446,0.13746757268943477,0.576692460957721,8231347358.198539,5201994719.159531,5201994719.159531,5334941382.6295,0.0,0.1857,0.3357598443366444,0.7124366083647122
13-2081,"Tax Examiners and Collectors, and Revenue Agents",Finance,53530.0,67566.45992901176,3616832600.0,21,5,0.34525751633625107,0.18478657694969353,0.8617083945564029,1248738640.4799855,953688312.4083005,953688312.4083005,785764329.5858825,0.0,0.0275,0.34525751633625107,0.7036941130962393
13-2082,Tax Preparers,Finance,72950.0,58638.404386566144,4277671600.0,12,5,0.39112694567382994,0.043148171626477584,0.5175243505057496,1673112627.5036852,1291539606.653173,1291539606.653173,922259609.813718,0.0,0.1283,0.39112694567382994,0.6609605357891959
13-2099,"Financial Specialists, All Other",Finance,125220.0,94013.18639195016,11772331200.0,44,4,0.11137968706753455,0.0,0.5240591308037837,1311198565.1113734,248061981.48823544,248061981.48823544,2592479965.0768633,0.0,0.2202,0.11137968706753455,0.9090198087218867
15-1211,Computer Systems Analysts,IT & software,496710.0,111965.98961164462,55614626700.0,39,6,0.241158512124043,0.02797687252980697,0.4845225077766249,13411940627.306074,4681285284.837209,4681285284.837209,13709341620.003664,0.0,0.2763,0.241158512124043,0.7975963171810482
15-1212,Information Security Analysts,IT & software,177360.0,127886.69936851601,22681985000.0,11,1,0.10682364533733528,0.0,0.5879232242329049,2422972321.1867585,0.0,0.0,6432142372.848962,0.0,0.4859,0.10682364533733528,0.9128232614840611
15-1221,Computer and Information Research Scientists,IT & software,36900.0,150750.0027100271,5562675100.0,15,0,0.0,0.0,0.07414773979868548,0.0,0.0,0.0,412459785.89942676,0.0,0.3404,,
15-1231,Computer Network Support Specialists,IT & software,144160.0,79619.05660377358,11477883200.0,26,7,0.32933984957789764,0.08938342723713888,0.7183108296860343,3780124326.5606785,1123684133.2014666,1123684133.2014666,5465368646.904857,1526467623.4949775,0.2867,0.32933984957789764,0.7183258381803839
15-1232,Computer User Support Specialists,IT & software,696250.0,65001.65357271095,45257401300.0,16,3,0.1671202084906827,0.0989129764812704,0.6132259591437741,7563426341.002495,2274698577.9158716,2274698577.9158716,24752814353.957493,10498856826.241962,0.4685,0.1671202084906827,0.8619017574215861
15-1241,Computer Network Architects,IT & software,175620.0,135968.5445848992,23878795800.0,59,7,0.13737495657207896,0.02345879034940937,0.5558037162403164,3280348536.0185413,2008879570.2624729,1566048666.3853106,8572648461.659225,1351844687.5459356,0.1987,0.137374956572079,0.8871811765768576
15-1242,Database Administrators,IT & software,71350.0,108076.58864751227,7711264600.0,18,2,0.04449503997366824,0.0,0.8268279314357323,343113026.6245329,0.0,0.0,2480201060.52065,0.0,0.3315,0.04449503997366824,0.9641485799094487
15-1243,Database Architects,IT & software,63030.0,142988.15960653656,9012543700.0,43,14,0.32358571896778127,0.053079574054997976,0.7046532876216959,2916330432.8930473,1644058554.4571075,1644058554.4571075,3121882668.33388,0.0,0.5787,0.32358571896778127,0.7235904029514048
15-1244,Network and Computer Systems Administrators,IT & software,317150.0,101182.46034999212,32090017300.0,20,2,0.12770284434675028,0.03723798833454818,0.31397292545447175,4097986484.3464236,1194967689.8728492,1194967689.8728492,7121367774.79776,3446265561.679644,0.3373,0.12770284434675028,0.8953341498451032
15-1251,Computer Programmers,IT & software,107730.0,103164.92527615334,11113957400.0,17,7,0.6072250063944307,0.08848669495691584,0.8116920436255548,6748672853.28243,3862183806.953973,3862183806.953973,3224814188.002457,0.0,0.7451,0.6072250063944307,0.4475282848228471
15-1252,Software Developers,IT & software,1652060.0,144624.26703630618,238927966600.0,17,1,0.0751441102779684,0.0,0.6454280975292664,17954029470.68115,17954029470.68115,17954029470.68115,69634198855.14256,0.0,0.288,0.0751441102779684,0.9390737665600013
15-1253,Software Quality Assurance Analysts and Testers,IT & software,197970.0,110306.85861494165,21837448800.0,30,12,0.4642709936511535,0.0,0.8353647453984525,10138494053.18219,5030289213.123003,5030289213.123003,9338395380.352177,0.0,0.5195,0.4642709936511535,0.5910143016874914
15-1254,Web Developers,IT & software,76210.0,99509.81892140138,7583643300.0,29,8,0.4126265300235047,0.05420389745769531,0.8003188431665991,3129212419.815,2179765681.507987,2179765681.507987,2727953662.7813787,0.0,0.4802,0.4126265300235047,0.6406342327845297
15-1255,Web and Digital Interface Designers,IT & software,109370.0,112293.18643137973,12281505800.0,54,10,0.15897283970455103,0.08333333333333334,0.7475907988843906,1952425852.8739138,1543042326.2072468,1432842343.3333333,4315164479.386226,0.0,0.249,0.15897283970455106,0.8688570413226491
15-1299,"Computer Occupations, All Other",IT & software,433970.0,116626.00640597276,50612188000.0,92,9,0.11722443849518005,0.023104925025441203,0.3008541674706753,5932985319.3124895,5932985319.31249,0.0,4479644784.929632,479997861.85796654,0.3106,0.11722443849518008,0.9041300492163821
15-2011,Actuaries,Data & analytics,27930.0,134408.4246330111,3754027300.0,15,0,0.0,0.0,0.011438571796054337,0.0,0.0,0.0,42940710.79539801,0.0,0.0539,,
15-2021,Mathematicians,Data & analytics,2070.0,122563.52657004831,253706500.0,12,1,0.10516667485621188,0.0,0.4735927923507126,26681468.99440752,26681468.99440752,26681468.99440752,53421875.96613885,0.0,0.4241,0.10516667485621185,0.9142047564966896
15-2031,Operations Research Analysts,Data & analytics,105670.0,99024.46200435318,10463914900.0,17,1,0.06064106727563732,0.0,0.555553618109998,634542967.4174438,634542967.4174438,634542967.4174438,2539269348.144316,0.0,0.4288,0.06064106727563732,0.9509781661016481
15-2041,Statisticians,Data & analytics,28450.0,111854.33743409491,3182255900.0,44,7,0.18031863894320466,0.07044108633270782,0.6232370006582583,573820052.6569828,0.0,0.0,1407681346.869038,0.0,0.2107,0.18031863894320466,0.8505841738637852
15-2051,Data Scientists,Data & analytics,231780.0,124706.41944947795,28904453900.0,54,15,0.3353787462331273,0.0393493855295782,0.7355360416936779,9693939509.535227,4544072713.560694,4544072713.560694,12568901830.557825,0.0,0.4605,0.33537874623312725,0.7127866558525209
15-2099,"Mathematical Science Occupations, All Other",Data & analytics,3800.0,80419.02631578948,305592300.0,19,6,0.32906473497224653,0.15942884135890031,0.7120661517629367,100559649.20905925,44197687.38713497,44197687.38713497,119768137.03631616,8649154.622988252,0.4793,0.3290647349722466,0.7185778434242398
17-1011,"Architects, Except Landscape and Naval",Engineering,109590.0,102929.08659549229,11279998600.0,24,1,0.0068308228833021695,0.0,0.5620422707121826,77051672.56049643,77051672.56049643,77051672.56049643,4568734191.225804,0.0,0.0784,0.0068308228833021695,0.9945379597340641
17-1012,Landscape Architects,Engineering,18910.0,87874.653622422,1661709700.0,19,0,0.0,0.0,0.5679740246526624,0.0,0.0,0.0,513270456.8743353,0.0,0.0,,
17-1021,Cartographers and Photogrammetrists,Engineering,11750.0,83343.27659574468,979283500.0,14,2,0.18337058416419816,0.0,0.6395055510920339,179571787.45736054,179571787.45736054,179571787.45736054,242308528.38150743,190663158.66010147,0.08,0.18337058416419816,0.8479582497928727
17-1022,Surveyors,Engineering,52310.0,76632.08564328044,4008624400.0,40,7,0.25099061762162445,0.0318766591278757,0.5615394193548195,1006127113.9691137,273742538.93978167,273742538.93978167,1546229532.8715992,556716177.6970259,0.0022,0.25099061762162445,0.7889047189965243
17-2011,Aerospace Engineers,Engineering,67530.0,141474.38471790316,9553765200.0,16,1,0.0556493945540476,0.0556493945540476,0.37352785898978025,531661249.0915294,531661249.0915294,531661249.0915294,714511671.6600512,0.0,0.0753,0.0556493945540476,0.9550591589313061
17-2021,Agricultural Engineers,Engineering,820.0,96516.70731707317,79143700.0,14,0,0.0,0.0,0.34030407981606814,0.0,0.0,0.0,10123499.144012356,0.0,0.0,,
17-2031,Bioengineers and Biomedical Engineers,Engineering,21180.0,115097.58262511804,2437766800.0,30,1,0.06062780377978225,0.06062780377978225,0.29298462373302536,147796447.21126768,147796447.21126768,147796447.21126768,476711989.6438459,0.0,0.1328,0.06062780377978225,0.9509890208191495
17-2041,Chemical Engineers,Engineering,17770.0,124776.98368036016,2217287000.0,14,1,0.19487260997747188,0.0,0.4546679839407932,432088504.7591187,0.0,0.0,432088504.7591187,235848995.1475746,0.0,0.19487260997747188,0.8380315859289228
17-2051,Civil Engineers,Engineering,351490.0,107090.10099860594,37641099600.0,67,0,0.0,0.0,0.2825337896277082,0.0,0.0,0.0,6784296977.515709,0.0,0.0081,,
17-2061,Computer Hardware Engineers,Engineering,74800.0,157057.64572192513,11747911900.0,18,2,0.11060677131953017,0.0,0.3244197452734229,1299398605.0052872,848523423.9010946,848523423.9010946,1241716730.0184011,0.0,0.1453,0.11060677131953017,0.9096655535538662
17-2071,Electrical Engineers,Engineering,186220.0,120408.33530233058,22422440200.0,22,1,0.10798228481209597,0.0,0.46494866836076254,2421226323.85859,2421226323.85859,2421226323.85859,1466726736.5081987,0.0,0.059,0.10798228481209597,0.9118566885000553
17-2072,"Electronics Engineers, Except Computer",Engineering,90750.0,132711.33553719008,12043553700.0,41,4,0.14946741471222366,0.0,0.6309716107768109,1800118835.4868357,798402496.9176795,798402496.9176795,3432762503.2169013,918096742.0096964,0.0999,0.14946741471222366,0.8769419190882198
17-2081,Environmental Engineers,Engineering,35820.0,110457.28084868788,3956579800.0,29,3,0.09486373561526353,0.0,0.44542500355834647,375335940.08789223,0.0,0.0,666526342.5741926,0.0,0.0358,0.09486373561526353,0.9227737033981847
17-2111,"Health and Safety Engineers, Except Mining Safety Engineers and Inspectors",Engineering,21910.0,115028.31127339114,2520270300.0,41,1,0.012057045964867358,0.0,0.31100905801033607,30387014.850990046,30387014.850990046,30387014.850990046,240932812.65015686,0.0,0.0,0.012057045964867358,0.9903488076126685
17-2112,Industrial Engineers,Engineering,339880.0,107805.41926562316,36640905900.0,90,4,0.05505013659347825,0.01934471786033984,0.27909068414385924,2017086874.7037833,1153640178.070198,0.0,6729350419.023712,906558765.1149985,0.0367,0.05505013659347825,0.9555485302883568
17-2121,Marine Engineers and Naval Architects,Engineering,7900.0,115989.0,916313100.0,30,3,0.09142239096979432,0.035817959963892955,0.5830023418647073,83771534.47894424,32820465.93019064,32820465.93019064,315813611.3013822,0.0,0.0358,0.09142239096979429,0.9256277923930386
17-2131,Materials Engineers,Engineering,22080.0,116803.88134057971,2579029700.0,21,1,0.03281856132900762,0.0,0.35129900103533684,84640044.37878212,84640044.37878212,84640044.37878212,538543294.169878,101674427.27459055,0.0,0.03281856132900762,0.9736194072644352
17-2141,Mechanical Engineers,Engineering,284660.0,110031.89278437434,31321678600.0,79,1,0.009610281659808593,0.0,0.42434390962808455,301010153.40399927,301010153.40399927,0.0,7304785834.028942,810858174.4373678,0.0813,0.009610281659808593,0.9923111461779841
17-2151,"Mining and Geological Engineers, Including Mining Safety Engineers",Engineering,6320.0,108173.18037974683,683654500.0,18,1,0.07501944448849873,0.0,0.2452202700361042,51287380.81206235,0.0,0.0,206232179.12254348,0.0,0.0,0.07501944448849873,0.939176395830236
17-2161,Nuclear Engineers,Engineering,12650.0,134817.976284585,1705447400.0,20,0,0.0,0.0,0.11188603128638192,0.0,0.0,0.0,108150899.55386053,0.0,0.0,,
17-2171,Petroleum Engineers,Engineering,18110.0,153879.2435118719,2786753100.0,23,1,0.07669036841864903,0.0,0.25799061077346247,213717121.93081227,213717121.93081227,213717121.93081227,223300945.1870759,86916273.0568021,0.0,0.07669036841864904,0.9378003971023148
17-2199,"Engineers, All Other",Engineering,148790.0,120815.27656428523,17976105000.0,86,12,0.12503331910044205,0.0,0.38890294515201845,2247612072.6480517,2247612072.6480517,0.0,4209102276.3379307,714644293.0423652,0.0659,0.12503331910044205,0.8975786490995934
17-3011,Architectural and Civil Drafters,Engineering,107760.0,68714.25204157387,7404647800.0,28,2,0.047507289710474826,0.0,0.824424954575574,351774748.23863006,351774748.23863006,0.0,1180174660.9216235,438093357.7032874,0.0,0.047507289710474826,0.9616980342180522
17-3012,Electrical and Electronics Drafters,Engineering,19090.0,78314.40544787847,1495022000.0,30,9,0.31117624517218967,0.05279254058267283,0.8672151482106123,465215332.40981734,306285450.5824861,306285450.5824861,412585688.92514205,150024179.53643778,0.0889,0.31117624517218967,0.7348997391619239
17-3013,Mechanical Drafters,Engineering,38520.0,74187.86604361371,2857716600.0,15,3,0.29643978069128135,0.06761384576790826,0.8568619168528581,847140882.1818342,0.0,0.0,1469865460.0120273,302581449.84074295,0.0,0.2964397806912813,0.7482516501474044
17-3021,Aerospace Engineering and Operations Technologists and Technicians,Engineering,8590.0,86907.92782305006,746539100.0,11,0,0.0,0.0,0.25894713940371006,0.0,0.0,0.0,100029532.72108392,161359789.56595984,0.0,,
17-3022,Civil Engineering Technologists and Technicians,Engineering,61330.0,68408.11185390511,4195469500.0,14,2,0.23619393730218774,0.0,0.6481537320265661,990944460.0362409,0.0,0.0,990944460.0362409,0.0,0.0776,0.23619393730218774,0.8019712721303
17-3023,Electrical and Electronic Engineering Technologists and Technicians,Engineering,91360.0,78572.80757443083,7178411700.0,30,4,0.1496659550661353,0.0,0.49089447093295596,1074363842.93842,529854603.00992286,529854603.00992286,1328923057.367053,2619995545.428295,0.0202,0.14966595506613528,0.8767733762925662
17-3024,Electro-Mechanical and Mechatronics Technologists and Technicians,Engineering,13150.0,76492.13688212927,1005871600.0,50,2,0.052818840432386514,0.04087125912437817,0.3496965343325978,53128971.535869315,41111238.80945287,41111238.80945287,168471287.18147624,505030020.61505014,0.0,0.052818840432386514,0.9573696208082341
17-3025,Environmental Engineering Technologists and Technicians,Engineering,11300.0,62886.9203539823,710622200.0,26,4,0.21702609334293863,0.0,0.436823408649649,154223559.9087644,119649746.59785305,119649746.59785305,177353961.1733966,121765406.71567728,0.1029,0.21702609334293865,0.8187767525131606
17-3026,Industrial Engineering Technologists and Technicians,Engineering,72220.0,69810.41401273885,5041708100.0,55,3,0.11740342172211071,0.0,0.4627297085503722,591913782.2640815,285602609.71102905,285602609.71102905,921040764.4633671,954822876.6545068,0.0,0.11740342172211071,0.9039801244711322
17-3027,Mechanical Engineering Technologists and Technicians,Engineering,35000.0,72608.61142857143,2541301400.0,48,5,0.14529591812146442,0.02166851677206636,0.5704761105169291,369240720.1363629,208457385.4332618,208457385.4332618,788352658.2271258,153977237.04567444,0.0683,0.14529591812146442,0.880479930189014
17-3028,Calibration Technologists and Technicians,Engineering,12960.0,70699.15123456791,916261000.0,15,2,0.13333333333333333,0.0,0.39999999999999997,122168133.33333333,0.0,0.0,244336266.66666666,366504399.99999994,,0.13333333333333336,0.8905919785850511
17-3029,"Engineering Technologists and Technicians, Except Drafters, All Other",Engineering,60570.0,79544.1505695889,4817989200.0,40,2,0.07005193248306332,0.0,0.25774676134122254,337509454.1425283,271915451.762444,271915451.762444,422539301.53073037,1797610417.8392382,0.0,0.07005193248306332,0.9432615709453434
17-3031,Surveying and Mapping Technicians,Engineering,52250.0,56811.21148325359,2968385800.0,30,11,0.4612974637364939,0.0007932881618965567,0.8260966621037237,1369308840.9314234,438947581.8796894,438947581.8796894,1364286920.3812103,357829185.4380587,0.0,0.4612974637364938,0.5939021525531695
19-1011,Animal Scientists,Research,1870.0,89877.5935828877,168071100.0,9,1,0.0224469141731429,0.0,0.0224469141731429,3772677.556685718,0.0,0.0,24328196.43923409,0.0,0.0,0.022446914173142898,0.9819943409730195
19-1012,Food Scientists and Technologists,Research,13480.0,92198.18991097923,1242831600.0,13,0,0.0,0.0,0.0,0.0,0.0,0.0,102278206.45902036,0.0,0.0,,
19-1013,Soil and Plant Scientists,Research,15860.0,83102.47162673392,1318005200.0,27,0,0.0,0.0,0.2125201945798747,0.0,0.0,0.0,57196416.214878604,56644196.68081342,0.0513,,
19-1021,Biochemists and Biophysicists,Research,32650.0,115652.01837672282,3776038400.0,24,0,0.0,0.0,0.045758507563596465,0.0,0.0,0.0,0.0,0.0,0.0756,,
19-1022,Microbiologists,Research,19020.0,94461.82439537329,1796663900.0,14,0,0.0,0.0,0.045476380624454506,0.0,0.0,0.0,0.0,233026199.067299,0.0969,,
19-1023,Zoologists and Wildlife Biologists,Research,16440.0,77956.2895377129,1281601400.0,14,1,0.077964285080004,0.077964285080004,0.37726208864778416,99919136.90853223,0.0,0.0,411778476.2641226,31323547.096390747,0.0606,0.07796428508000398,0.9367506997830084
19-1029,"Biological Scientists, All Other",Research,58490.0,99908.5091468627,5843648700.0,86,14,0.20432686521634633,0.0,0.3474124966055512,1194014420.2965775,441861562.07262665,222491440.12498552,1217675073.7351518,328512492.6282769,0.2452,0.20432686521634635,0.829836291140013
19-1031,Conservation Scientists,Research,25080.0,73906.27192982456,1853569300.0,66,5,0.05212051822961125,0.025344651393565232,0.3232106601290243,96608992.49049777,63477538.32912624,63477538.32912624,350381348.54161507,0.0,0.0,0.05212051822961124,0.9579392221668876
19-1032,Foresters,Research,8830.0,74132.37825594564,654588900.0,25,0,0.0,0.0,0.2389706803492919,0.0,0.0,0.0,97123392.40169169,35819354.20087027,0.0,,
19-1041,Epidemiologists,Research,10700.0,91026.16822429906,973980000.0,16,0,0.0,0.0,0.31152028631207257,0.0,0.0,0.0,101043723.37832506,0.0,0.0,,
19-1042,"Medical Scientists, Except Epidemiologists",Research,155290.0,112170.50228604546,17418957300.0,14,0,0.0,0.0,0.0,0.0,0.0,0.0,0.0,763138410.7162069,0.0381,,
19-2011,Astronomers,Research,1520.0,135346.90789473685,205727300.0,17,1,0.03255732346288055,0.0,0.3031944279074835,6697930.2512450665,6697930.2512450665,6697930.2512450665,43627159.44053157,6635987.904996279,0.3849,0.03255732346288055,0.9738307850754649
19-2012,Physicists,Research,20970.0,165879.3705293276,3478490400.0,10,1,0.19649973223009887,0.0,0.6392710069941592,683522432.1649694,683522432.1649694,683522432.1649694,469605885.91871256,0.0,0.2727,0.19649973223009887,0.8366234527826368
19-2021,Atmospheric and Space Scientists,Research,8550.0,103154.52631578948,881971200.0,27,3,0.1016745224210872,0.0,0.6255736547360421,89674000.54915318,33895582.89902084,33895582.89902084,111862332.17187619,91343975.61493,0.038,0.1016745224210872,0.9171132460643028
19-2031,Chemists,Research,81420.0,95984.50872021617,7815058700.0,12,1,0.04011463648566193,0.04011463648566193,0.39055140349967543,313498238.86460966,0.0,0.0,313498238.86460966,2516766249.260488,0.2614,0.04011463648566193,0.9677068040588748
19-2032,Materials Scientists,Research,7480.0,112324.7192513369,840188900.0,16,0,0.0,0.0,0.19061052243516086,0.0,0.0,0.0,0.0,0.0,0.1843,,
19-2041,"Environmental Scientists and Specialists, Including Health",Research,83290.0,88524.48193060391,7373204100.0,97,1,0.011872928521167466,0.011872928521167466,0.35177372873757795,87541525.2512789,87541525.2512789,87541525.2512789,978172861.8150395,116544679.69021586,0.0548,0.011872928521167463,0.99049653981014
19-2042,"Geoscientists, Except Hydrologists and Geographers",Research,21920.0,110547.72810218978,2423206200.0,32,1,0.011940873254624491,0.0,0.43497012201248486,28935198.104020245,0.0,0.0,742079675.3937451,127514017.72046115,0.043,0.011940873254624491,0.9904420235782065
19-2043,Hydrologists,Research,5620.0,97342.6334519573,547065600.0,25,0,0.0,0.0,0.17880613938374304,0.0,0.0,0.0,47418892.10757287,84710396.8177183,0.0748,,
19-2099,"Physical Scientists, All Other",Research,21720.0,123525.67219152855,2682977600.0,24,5,0.3065547063586105,0.0641807529233951,0.5945092434857158,822479410.3347296,229131917.20390755,229131917.20390755,1286014618.6096497,47955485.60479823,0.0379,0.3065547063586105,0.7390961602890496
19-3011,Economists,Research,15310.0,130460.58131939909,1997351500.0,34,0,0.0,0.0,0.1604184482736771,0.0,0.0,0.0,344615213.2459233,0.0,0.2418,,
19-3022,Survey Researchers,Research,6790.0,73561.9882179676,499485900.0,16,3,0.17434281155501447,0.045603368795749326,0.6769394570396705,87081776.1380868,87081776.1380868,87081776.1380868,52401081.42392083,0.0,0.4316,0.17434281155501447,0.8557161423693577
19-3032,Industrial-Organizational Psychologists,Research,810.0,136071.4814814815,110217900.0,25,0,0.0,0.0,0.4179525243643509,0.0,0.0,0.0,32232457.09467973,0.0,0.1577,,
19-3033,Clinical and Counseling Psychologists,Research,71430.0,106411.14937701247,7600948400.0,30,3,0.11698407358308166,0.0,0.5324860253419896,889189906.9268068,488453855.8633463,488453855.8633463,2022809924.0544963,0.0,0.0591,0.11698407358308166,0.9043313727176322
19-3034,School Psychologists,Research,61980.0,93321.89093255889,5784090800.0,19,3,0.2053773481519913,0.012179086716097545,0.5026586302642616,1187921229.97433,0.0,0.0,1612496702.278801,0.0,0.0467,0.20537734815199124,0.828923683542774
19-3039,"Psychologists, All Other",Research,15450.0,115157.37216828478,1779181400.0,32,0,0.0,0.0,0.44144239534034024,0.0,0.0,0.0,0.0,0.0,0.0,,
19-3041,Sociologists,Research,2750.0,110561.63636363637,304044500.0,15,0,0.0,0.0,0.2780114238904712,0.0,0.0,0.0,26026048.506298654,0.0,0.3833,,
19-3051,Urban and Regional Planners,Research,42140.0,89588.95111532985,3775278400.0,25,5,0.09779001594900145,0.0030906554986834876,0.345747985603124,369184534.9479207,120341929.68286267,120341929.68286267,1040642852.7954568,0.0,0.0959,0.09779001594900145,0.9203436082050802
19-3091,Anthropologists and Archeologists,Research,7910.0,71301.66877370416,563996200.0,30,3,0.11406838076325834,0.0,0.30505562622171123,64334133.2906308,14651553.990303205,14651553.990303205,49682579.3003276,20907412.84970691,0.1354,0.11406838076325834,0.906771892978631
19-3092,Geographers,Research,1250.0,99094.0,123867500.0,12,2,0.24314821797044223,0.08844995277275987,0.5686730673292342,30118161.889453754,10956074.525079833,10956074.525079833,19162087.36437392,35370079.84935678,0.1096,0.24314821797044223,0.7958403362315548
19-3093,Historians,Research,2640.0,80193.0303030303,211709600.0,21,4,0.08835726871439871,0.0,0.35306691178106203,18706082.016617864,0.0,0.0,44610620.212370716,0.0,0.028,0.08835726871439871,0.9281664673555431
19-3094,Political Scientists,Research,5560.0,140136.94244604316,779161400.0,14,0,0.0,0.0,0.17969997186970318,0.0,0.0,0.0,255603214.59546262,0.0,0.452,,
19-3099,"Social Scientists and Related Workers, All Other",Research,35580.0,107095.40191118605,3810454400.0,22,3,0.1306138815804871,0.0,0.6706804752258004,497698239.769446,57980483.86813655,57980483.86813655,1180669612.030078,0.0,0.0327,0.1306138815804871,0.8928837643116813
19-4012,Agricultural Technicians,Research,9640.0,47939.30497925311,462134900.0,48,6,0.15437838850659552,0.1268504280517502,0.3775966543709715,71343641.13465667,50001745.89046664,50001745.89046664,48330056.2033008,101733290.1994174,0.0058,0.15437838850659552,0.8727688612761156
19-4013,Food Science Technicians,Research,13240.0,54150.61933534743,716954200.0,16,5,0.32304250581794586,0.10742330931995542,0.32304250581794586,231606681.3247007,137582978.93336076,137582978.93336076,94023702.39133996,158264398.30019283,0.2038,0.32304250581794586,0.7240867246139172
19-4021,Biological Technicians,Research,73500.0,58217.55238095238,4278990100.0,17,3,0.20991994308600895,0.08487425637294355,0.4864594803282816,898245358.2575958,363176102.76468736,363176102.76468736,1095956310.1575565,1342212187.4760501,0.0599,0.20991994308600895,0.8249726581893226
19-4031,Chemical Technicians,Research,54200.0,61115.9963099631,3312487000.0,16,1,0.04927246681505137,0.0,0.3131297704430097,163214405.78278905,0.0,0.0,163214405.78278905,1242749706.3440733,0.3148,0.04927246681505137,0.9602606193180041
19-4042,"Environmental Science and Protection Technicians, Including Health",Research,32530.0,59981.95204426683,1951212900.0,25,5,0.20487948924415741,0.0,0.2736090810739611,399763502.3586112,108220561.4733809,108220561.4733809,291542940.88523036,348648933.80378395,0.1444,0.20487948924415741,0.8293562489600217
19-4043,"Geological Technicians, Except Hydrologic Technicians",Research,9230.0,57906.65222101842,534478400.0,29,3,0.1766254140295599,0.1766254140295599,0.47896831238601445,94402468.68985672,94402468.68985672,94402468.68985672,24803002.10336243,168364993.64691114,0.229,0.1766254140295599,0.8537573834003038
19-4044,Hydrologic Technicians,Research,2480.0,65370.72580645161,162119400.0,16,2,0.125,0.0,0.3125,20264925.0,20264925.0,20264925.0,0.0,30397387.5,,0.125,0.8976066476801651
19-4051,Nuclear Technicians,Research,5450.0,101781.83486238532,554711000.0,34,2,0.06892925485543341,0.0,0.39955373426425894,38235815.890112326,13463513.857188607,13463513.857188607,70240034.95164569,79652482.95846246,0.0,0.06892925485543343,0.9441836880268086
19-4061,Social Science Research Assistants,Research,30740.0,62534.30709173715,1922304600.0,22,6,0.36341825503918185,0.11489446424725,0.9425386394568377,698600583.3857925,433579263.0400806,433579263.0400806,659499986.8787575,0.0,0.4393,0.36341825503918185,0.686876848927553
19-4071,Forest and Conservation Technicians,Research,30850.0,56649.95786061588,1747651200.0,20,4,0.1370325995447156,0.0,0.2554943384228929,239485187.0334417,215273410.04951048,215273410.04951048,24211776.983931188,91080023.81659383,0.0221,0.13703259954471564,0.8874703195832213
19-4092,Forensic Science Technicians,Research,18850.0,73858.27055702917,1392228400.0,24,0,0.0,0.0,0.2047597219053996,0.0,0.0,0.0,0.0,470792396.8861721,0.0,,
19-4099,"Life, Physical, and Social Science Technicians, All Other",Research,69230.0,64770.58356203958,4484067500.0,47,7,0.23327939403710518,0.05059929900110974,0.6509697717629097,1046040549.2214772,676043477.3861464,676043477.3861464,1459875707.0462196,356981576.42530006,0.0955,0.23327939403710518,0.8045353899431903
19-5011,Occupational Health and Safety Specialists,Research,125840.0,88939.88874761602,11192195600.0,22,1,0.027059570114530043,0.0,0.21540792959154506,302856001.57373464,0.0,0.0,666761146.9644804,757386105.5624753,0.0,0.027059570114530036,0.9782740430722794
19-5012,Occupational Health and Safety Technicians,Research,29560.0,64384.82408660352,1903215400.0,26,4,0.2431165899405594,0.0655288366930331,0.33501468367329096,462703237.9703577,208470601.58718425,208470601.58718425,316702174.90115654,472817884.22855526,0.0,0.2431165899405594,0.7958682605891202
21-1012,"Educational, Guidance, and Career Counselors and Advisors",Social services,337640.0,71726.65353631087,24217787300.0,35,3,0.1419491118692311,0.0,0.4442567845589391,3437693398.672944,0.0,0.0,6511337786.161808,0.0,0.1182,0.14194911186923112,0.8833140623310087
21-1013,Marriage and Family Therapists,Social services,64730.0,72842.91364127916,4715121800.0,15,2,0.17206175416731526,0.0,0.34341043165898516,811292128.020549,0.0,0.0,1370837022.3648589,0.0,0.0,0.17206175416731526,0.8576717109558092
21-1015,Rehabilitation Counselors,Social services,87800.0,51025.715261959,4480057800.0,17,1,0.12359197804708684,0.0,0.44806991627996684,553699205.2672802,553699205.2672802,553699205.2672802,736872942.452225,0.0,0.0,0.12359197804708684,0.8987894789872378
21-1021,"Child, Family, and School Social Workers",Social services,382490.0,62922.843734476715,24067358500.0,21,4,0.25420536601575006,0.0,0.366191307559026,6118051676.524774,342239271.4391874,342239271.4391874,5775812405.085587,0.0,0.0074,0.2542053660157501,0.7860550021677023
21-1022,Healthcare Social Workers,Social services,184640.0,72129.7746967071,13318041600.0,17,0,0.0,0.0,0.5690816478024248,0.0,0.0,0.0,1758735404.010189,0.0,0.0916,,
21-1023,Mental Health and Substance Abuse Social Workers,Social services,125330.0,68272.98412191814,8556653100.0,13,0,0.0,0.0,0.27767020309590584,0.0,0.0,0.0,0.0,0.0,0.0,,
21-1091,Health Education Specialists,Social services,55380.0,73388.55904658722,4064258400.0,16,2,0.21286107179688138,0.21286107179688138,0.3992375586759829,865122399.0834782,865122399.0834782,865122399.0834782,553969545.5423079,0.0,0.1376,0.21286107179688138,0.8224105144481801
21-1092,Probation Officers and Correctional Treatment Specialists,Social services,86730.0,71514.85760405858,6202483600.0,21,3,0.1606354156227812,0.0,0.42201304414192164,996338530.9794841,677851842.6670227,677851842.6670227,977118475.7073588,0.0,0.0,0.1606354156227812,0.8674396422125948
21-1093,Social and Human Service Assistants,Social services,419600.0,47022.10271687321,19730474300.0,19,3,0.03377015156182986,0.00885651053502459,0.6854438432464194,666301107.4977889,0.0,0.0,5569950463.470719,376657693.70091236,0.0,0.03377015156182986,0.9728492488146705
21-1094,Community Health Workers,Social services,59340.0,55942.01550387597,3319599200.0,28,2,0.1282607744831422,0.0,0.35727994214426795,425774364.36561924,425774364.36561924,425774364.36561924,455015838.6227577,151976591.12974945,0.0,0.1282607744831422,0.8948647369006392
21-2011,Clergy,Social services,57270.0,67173.90780513358,3847049700.0,21,2,0.13383562427848322,0.09201822925826239,0.41805829805302674,514872298.2298516,353998701.26252955,353998701.26252955,757801018.8206707,0.0,0.1116,0.13383562427848325,0.8901683964545298
21-2021,"Directors, Religious Activities and Education",Social services,20700.0,64283.40096618357,1330666400.0,19,3,0.16970421772191838,0.0,0.4914543214399607,225819700.46084133,0.0,0.0,359859677.8662015,0.0,0.153,0.16970421772191838,0.8596908898144975
23-1011,Lawyers,Legal & compliance,737720.0,183176.14392994632,135132704900.0,22,0,0.0,0.0,0.26700321552605,0.0,0.0,0.0,11802352455.346718,0.0,0.1673,,
23-1012,Judicial Law Clerks,Legal & compliance,13170.0,69788.08656036446,919109100.0,18,4,0.1138215928488868,0.06534784869267025,0.8373257337322051,104614461.76390678,37401830.9379619,37401830.9379619,255101806.09633204,26113688.910145182,0.1704,0.1138215928488868,0.9069783269762381
23-1021,"Administrative Law Judges, Adjudicators, and Hearing Officers",Legal & compliance,16110.0,122855.8348851645,1979207500.0,14,3,0.15533372925522151,0.04250605715938282,0.5589842144643543,307437681.94490385,307437681.94490385,307437681.94490385,154225117.06749153,0.0,0.3048,0.15533372925522151,0.8719560781657635
23-1022,"Arbitrators, Mediators, and Conciliators",Legal & compliance,7530.0,83523.82470119522,628934400.0,20,4,0.22386931299781007,0.05064804485068766,0.6013140920946682,140799112.04868987,31854297.699340336,31854297.699340336,192477999.16652298,0.0,0.2426,0.22386931299781007,0.8127925361432189
23-1023,"Judges, Magistrate Judges, and Magistrates",Legal & compliance,25580.0,143107.26739640345,3660683900.0,21,1,0.008113407156556132,0.008113407156556132,0.5598003370693329,29700618.952149812,29700618.952149812,29700618.952149812,1294674127.8446891,0.0,0.3109,0.00811340715655613,0.9935107046154477
23-2011,Paralegals and Legal Assistants,Legal & compliance,365060.0,66264.8394784419,24190642300.0,12,2,0.21031090806333605,0.006954981078684059,0.6766849595490401,5087555948.748348,168245459.47771424,168245459.47771424,7782223032.493086,0.0,0.2927,0.21031090806333605,0.8246322545216292
23-2093,"Title Examiners, Abstractors, and Searchers",Legal & compliance,47290.0,59923.8443645591,2833798600.0,16,7,0.4641739451895844,0.1528557160030258,0.840115051927746,1315375476.034721,562194688.3806976,562194688.3806976,1249878593.6170678,0.0,0.0216,0.4641739451895844,0.5911086140635731
25-1011,"Business Teachers, Postsecondary",Education,81630.0,113797.77287761852,9289312200.0,25,3,0.1222871192635077,0.0,0.5506904500496432,1135963228.877357,584811057.686907,584811057.686907,1963207402.330222,0.0,0.3072,0.1222871192635077,0.899885032125452
25-1021,"Computer Science Teachers, Postsecondary",Education,36190.0,105829.04669798286,3829953200.0,26,1,0.06354655103188665,0.06354655103188665,0.40124733571741034,243380316.4735376,243380316.4735376,243380316.4735376,881091499.2312758,207316900.85498217,0.2414,0.06354655103188665,0.9485989296419052
25-1022,"Mathematical Science Teachers, Postsecondary",Education,48750.0,92825.68615384615,4525252200.0,23,3,0.2026779156225406,0.10808502892035993,0.3915158229862738,917168683.5623162,489112014.9089224,489112014.9089224,886409240.4458566,0.0,0.4305,0.20267791562254056,0.831268004647166
25-1031,"Architecture Teachers, Postsecondary",Education,9100.0,110314.06593406593,1003858000.0,22,1,0.07312012546286777,0.07312012546286777,0.28458673993776057,73402222.9069035,73402222.9069035,73402222.9069035,148386821.52204219,0.0,0.0,0.07312012546286778,0.9407393350056837
25-1032,"Engineering Teachers, Postsecondary",Education,39890.0,119314.67034344448,4759462200.0,24,4,0.1555162085431232,0.04143468821236768,0.5063502766848046,740173516.048312,221167634.06648037,221167634.06648037,1345598211.0754576,0.0,0.3589,0.1555162085431232,0.8718007920177734
25-1041,"Agricultural Sciences Teachers, Postsecondary",Education,8430.0,97605.44483985765,822813900.0,23,3,0.0987620420081888,0.05122152742395298,0.464340250797488,81262780.95672166,70735931.76783581,70735931.76783581,118983958.45329098,0.0,0.0,0.09876204200818878,0.9195357536709838
25-1042,"Biological Science Teachers, Postsecondary",Education,53080.0,101333.23662396382,5378768200.0,27,4,0.1901014591230965,0.06221860486652757,0.4620161470614187,1022511683.1049113,529338353.49465036,529338353.49465036,899123026.9346831,84327082.27634189,0.2914,0.19010145912309653,0.8421550681496519
25-1043,"Forestry and Conservation Science Teachers, Postsecondary",Education,1310.0,104146.79389312977,136432300.0,25,3,0.11366489744879643,0.0692223061088419,0.4750395325371173,15507563.388203429,15507563.388203429,15507563.388203429,28755215.44273979,0.0,0.0206,0.11366489744879643,0.9071093891743718
25-1051,"Atmospheric, Earth, Marine, and Space Sciences Teachers, Postsecondary",Education,11420.0,112661.24343257443,1286591400.0,26,4,0.21409508072941183,0.09015482397968402,0.5372388547328062,275452889.648767,115992421.20077524,115992421.20077524,192241003.63196525,0.0,0.0396,0.21409508072941186,0.8213345711022276
25-1052,"Chemistry Teachers, Postsecondary",Education,20360.0,102956.5815324165,2096196000.0,28,6,0.20713815003307526,0.056511246690198316,0.5071450650178149,434202161.54673225,254584117.9699491,254584117.9699491,299335153.74660254,39438797.38693523,0.2185,0.20713815003307526,0.827393081791107
25-1053,"Environmental Science Teachers, Postsecondary",Education,7100.0,100207.23943661971,711471400.0,25,3,0.13094386341088649,0.07074574954561118,0.3851326638016208,93162813.82235219,50333577.47326535,50333577.47326535,116963454.61881281,0.0,0.0232,0.13094386341088649,0.8926058135465371
25-1054,"Physics Teachers, Postsecondary",Education,13570.0,105195.45320560058,1427502300.0,24,2,0.07490385662975756,0.0,0.32448971592215403,106925427.61784916,89140679.08933179,89140679.08933179,340833516.0123336,0.0,0.0,0.07490385662975757,0.9392715471512338
25-1061,"Anthropology and Archeology Teachers, Postsecondary",Education,5230.0,102773.86233269598,537507300.0,27,2,0.0914677851615261,0.05834224107474058,0.47979758819315665,49164602.239151955,31359380.476032905,31359380.476032905,108201781.36239305,0.0,0.0236,0.09146778516152612,0.9255901708340445
25-1062,"Area, Ethnic, and Cultural Studies Teachers, Postsecondary",Education,11390.0,97452.82704126427,1109987700.0,23,2,0.1139229984908372,0.0,0.5892976477935215,126453127.07194786,126453127.07194786,126453127.07194786,141572205.4602777,0.0,0.0,0.11392299849083717,0.9068935053815274
25-1063,"Economics Teachers, Postsecondary",Education,12420.0,133168.23671497585,1653949500.0,22,3,0.16021189484360232,0.04517635873653619,0.36140128651540426,264982383.37062863,156911578.8132803,156911578.8132803,334514610.4471216,0.0,0.0,0.16021189484360232,0.8678008003600262
25-1064,"Geography Teachers, Postsecondary",Education,3290.0,99017.9331306991,325769000.0,25,4,0.1717747624701711,0.07025221957337908,0.5295012299762711,55958892.595145166,22885995.31820013,22885995.31820013,85378445.52925019,2726610.408144962,0.0,0.1717747624701711,0.8579176193432986
25-1065,"Political Science Teachers, Postsecondary",Education,17160.0,105169.69114219114,1804711900.0,22,3,0.12545600945430774,0.062397617673746124,0.5096819174227349,226411953.1887017,112609723.14745995,112609723.14745995,338955357.7902061,0.0,0.0,0.12545600945430774,0.8972234220578046
25-1066,"Psychology Teachers, Postsecondary",Education,41560.0,93512.24254090471,3886368800.0,29,2,0.07973005650517054,0.039712536162699916,0.5145025542021889,309860404.0239318,154337561.51158866,154337561.51158866,642185540.8983341,0.0,0.3219,0.07973005650517057,0.9352948123539196
25-1067,"Sociology Teachers, Postsecondary",Education,12360.0,97298.01779935275,1202603500.0,24,3,0.15620150032811175,0.07226718852674403,0.45776975594148095,187848470.99983835,86908773.85742222,86908773.85742222,194836259.6789096,0.0,0.0,0.15620150032811175,0.871217517425995
25-1071,"Health Specialties Teachers, Postsecondary",Education,226920.0,136236.78873611847,30914852100.0,22,2,0.12096247588268205,0.0,0.541488217321462,3739537051.5629325,2178572691.2089925,2178572691.2089925,6912423700.391034,0.0,0.3045,0.12096247588268202,0.9009965923698259
25-1072,"Nursing Instructors and Teachers, Postsecondary",Education,74020.0,87053.86652256147,6443727200.0,29,3,0.11479841153538312,0.04890999998449139,0.40537311360434436,739729646.9273419,315162697.25206673,315162697.25206673,1254161692.8351948,0.0,0.1909,0.11479841153538312,0.906161111313329
25-1081,"Education Teachers, Postsecondary",Education,59050.0,78489.53259949195,4634806900.0,24,2,0.06697472825140492,0.057968608849941504,0.47891804330637655,310414932.62523645,268673308.2811099,268673308.2811099,593792917.9560986,0.0,0.2621,0.06697472825140492,0.9457880396220008
25-1082,"Library Science Teachers, Postsecondary",Education,4090.0,84315.81907090465,344851700.0,25,3,0.11315738615703888,0.04787087764105806,0.34280159366933505,39022516.98381133,16508353.535010861,16508353.535010861,89155082.79912879,0.0,0.018,0.11315738615703888,0.907533820498993
25-1111,"Criminal Justice and Law Enforcement Teachers, Postsecondary",Education,13330.0,85257.68942235559,1136485000.0,23,2,0.13600965693645845,0.09074236510126178,0.5334322908568395,154572934.96343097,103127336.8021075,103127336.8021075,101569794.59255707,0.0,0.0,0.13600965693645847,0.8883340174804601
25-1112,"Law Teachers, Postsecondary",Education,22800.0,139962.5394736842,3191145900.0,23,1,0.07435958850702887,0.0,0.49558890295411373,237292295.9898923,237292295.9898923,237292295.9898923,365765846.9064292,0.0,0.0,0.07435958850702888,0.9397195253514286
25-1113,"Social Work Teachers, Postsecondary",Education,13320.0,81870.6006006006,1090516400.0,24,3,0.13674568048228114,0.0472951248200784,0.5030424257607405,149123407.1950875,110026450.2557964,110026450.2557964,183467220.42941123,0.0,0.0,0.13674568048228114,0.8877126099910648
25-1121,"Art, Drama, and Music Teachers, Postsecondary",Education,97730.0,102189.853678502,9987014400.0,28,3,0.11083132228969485,0.09650049692464872,0.5375584520211455,1106874011.6782234,1106874011.6782234,1106874011.6782234,1458848251.6112506,317081084.12124884,0.2142,0.11083132228969485,0.9094779700532104
25-1122,"Communications Teachers, Postsecondary",Education,29230.0,90353.51351351352,2641033200.0,22,3,0.16695976224337794,0.08554325722467715,0.41901085327000165,440946275.1488676,440946275.1488676,440946275.1488676,475498789.92458767,0.0,0.2111,0.16695976224337794,0.8620389560152725
25-1123,"English Language and Literature Teachers, Postsecondary",Education,59560.0,90399.65413028878,5384203400.0,33,3,0.10400129394886921,0.06798300491969325,0.4911360486212388,559964120.483901,366034326.2308291,366034326.2308291,467376385.10238737,0.0,0.3618,0.10400129394886921,0.9151758255733545
25-1124,"Foreign Language and Literature Teachers, Postsecondary",Education,21070.0,87767.00047460845,1849250700.0,24,3,0.15432962828140617,0.09737162248804217,0.46137773020329265,285394173.1301302,243601538.61945778,243601538.61945778,294168854.7396768,0.0,0.2403,0.15432962828140617,0.8728103367521527
25-1125,"History Teachers, Postsecondary",Education,19810.0,93764.8864209995,1857482400.0,25,3,0.11719417448756259,0.06358519516462592,0.311225477612161,217686116.49317652,144747672.1821662,144747672.1821662,284651236.60863733,0.0,0.0994,0.11719417448756261,0.9041553986739301
25-1126,"Philosophy and Religion Teachers, Postsecondary",Education,20810.0,88199.12542047093,1835423800.0,22,2,0.08227677762001151,0.07219217967569322,0.531330580630494,151012755.83107647,132503244.75064361,132503244.75064361,424171014.0238726,0.0,0.2197,0.08227677762001152,0.9331931727220169
25-1192,"Family and Consumer Sciences Teachers, Postsecondary",Education,2620.0,84388.16793893129,221097000.0,23,2,0.09507775016908855,0.07407333063447184,0.31998851393583405,21021405.32913497,16377391.18328982,16377391.18328982,54371109.28238128,0.0,0.0,0.09507775016908855,0.9225960765413335
25-1193,"Recreation and Fitness Studies Teachers, Postsecondary",Education,12530.0,87930.47885075818,1101768900.0,23,2,0.11756702836064903,0.07842928711558407,0.4777694286881088,129531695.51318109,86410949.39312123,86410949.39312123,171678494.15498814,0.0,0.1138,0.11756702836064903,0.9038430701882888
25-1194,"Career/Technical Education Teachers, Postsecondary",Education,110640.0,68731.81670281995,7604488200.0,20,2,0.10952962089037964,0.056015534018001495,0.6155884424967267,832916709.6113654,832916709.6113654,832916709.6113654,206095147.39808267,305882978.3073705,0.1563,0.10952962089037965,0.9105651330957751
25-2011,"Preschool Teachers, Except Special Education",Education,442740.0,41438.68184487509,18346562000.0,34,3,0.0531195761934971,0.0,0.33723753377340976,974561598.0477185,0.0,0.0,2584522760.655393,1736221539.4481506,0.0,0.0531195761934971,0.9571242693758435
25-2012,"Kindergarten Teachers, Except Special Education",Education,113940.0,67052.26786027734,7639935400.0,37,6,0.105046953011241,0.04353329672192145,0.5319546484687385,802551934.9727168,423315645.686478,423315645.686478,1168168606.6413693,422457656.7815103,0.0,0.105046953011241,0.9143045377819383
25-2021,"Elementary School Teachers, Except Special Education",Education,1392840.0,69785.40909221447,97199909200.0,38,8,0.1738984922414659,0.024173289942186035,0.47166765862922644,16902917655.887388,5677693997.419697,5677693997.419697,17944237102.17722,12037162501.225891,0.103,0.17389849224146586,0.8560972069262992
25-2022,"Middle School Teachers, Except Special and Career/Technical Education",Education,619750.0,70068.58620411456,43425006300.0,35,7,0.18177790570601793,0.0,0.6013519700597982,7893706700.484634,4277062515.3776293,4277062515.3776293,7566426135.639617,5554168376.91302,0.2972,0.18177790570601793,0.8493290244321623
25-2023,"Career/Technical Education Teachers, Middle School",Education,14190.0,68700.0,974853000.0,31,6,0.16422824521116705,0.0,0.40003284628401775,160098397.52884182,0.0,0.0,291803329.493563,127265814.69709949,0.0,0.16422824521116705,0.8643732858119935
25-2031,"Secondary School Teachers, Except Special and Career/Technical Education",Education,1071590.0,73714.85465523195,78992101100.0,32,7,0.1810091627364302,0.012469802537212091,0.3719374236497426,14298294082.902447,3980295985.227453,3980295985.227453,19820297602.16047,9856666780.423967,0.2901,0.1810091627364302,0.8499903336946812
25-2032,"Career/Technical Education Teachers, Secondary School",Education,104100.0,70600.18924111432,7349479700.0,33,7,0.19584982834728148,0.05070408816446674,0.559784383828321,1439394337.6868298,379228017.47228134,379228017.47228134,1421060482.4119892,629331921.7934756,0.0,0.19584982834728148,0.8371860034992048
25-2051,"Special Education Teachers, Preschool",Education,28100.0,72620.62277580072,2040639500.0,36,0,0.0,0.0,0.3427095925944551,0.0,0.0,0.0,480610060.83874047,152709439.52511358,0.0058,,
25-2057,"Special Education Teachers, Middle School",Education,95020.0,72287.34897916229,6868743900.0,40,6,0.11802785648886074,0.032460424135566046,0.46324401802443377,810703119.2879376,483954315.40155756,483954315.40155756,1028036845.7976471,292469595.67338604,0.134,0.11802785648886074,0.9034569818917134
25-2058,"Special Education Teachers, Secondary School",Education,162550.0,74644.86988618887,12133523600.0,40,7,0.16347600967062392,0.03597781549009845,0.5324410901429082,1983540021.3723435,706794915.6989053,706794915.6989053,2051830721.932666,1287920279.2844288,0.0989,0.16347600967062392,0.8650156729136558
25-2059,"Special Education Teachers, All Other",Education,38910.0,74288.50424055512,2890565700.0,20,3,0.08188123670006192,0.031605774502435256,0.2449410195375517,236683094.2787802,70276014.69068655,70276014.69068655,278279082.52202475,0.0,0.0257,0.08188123670006192,0.9335197301979558
25-3011,"Adult Basic Education, Adult Secondary Education, and English as a Second Language Instructors",Education,35490.0,64484.218089602706,2288544900.0,37,7,0.17284751855720093,0.04042529505630042,0.41393833072161496,395569307.0717375,262805677.41928643,262805677.41928643,292389226.1783873,130150695.33200915,0.0636,0.17284751855720096,0.8569982791896446
25-3021,Self-Enrichment Teachers,Education,305120.0,53366.91793392764,16283314000.0,30,6,0.21354368167057552,0.008654839951014365,0.6233742738586462,3477198821.358026,2084265081.6280658,2084265081.6280658,2376046652.287368,1604675443.4517515,0.0662,0.21354368167057547,0.8218154099333583
25-3031,"Substitute Teachers, Short-Term",Education,481080.0,44931.294379313214,21615547100.0,18,2,0.10817072059383855,0.08097912828541975,0.5031431156415505,2338169305.837057,2338169305.837057,2338169305.837057,3958086774.992135,4538237348.764924,,0.10817072059383856,0.9116994459101787
25-3041,Tutors,Education,172900.0,47764.15962984384,8258423200.0,19,5,0.2619863682479333,0.06178419074596351,0.7867903768826349,2163594301.6224756,957640417.452108,957640417.452108,2198235068.995783,187090927.6857965,0.4077,0.2619863682479333,0.7791413924972088
25-4011,Archivists,Education,6420.0,66287.77258566978,425567500.0,13,0,0.0,0.0,0.3242533602447556,0.0,0.0,0.0,81452170.7428233,0.0,0.1348,,
25-4012,Curators,Education,11590.0,68890.6988783434,798443200.0,15,1,0.10400226849703104,0.0,0.33544056001903194,83039904.06602865,0.0,0.0,216182601.358462,0.0,0.4123,0.10400226849703105,0.9151750137127841
25-4013,Museum Technicians and Conservators,Education,12510.0,54014.468425259794,675721000.0,24,2,0.13676789954964103,0.0,0.19516827870776718,92416941.85158299,92416941.85158299,92416941.85158299,27950905.026634216,0.0,0.0,0.13676789954964103,0.8876938480043374
25-4022,Librarians and Media Collections Specialists,Education,130730.0,69199.14862694102,9046404700.0,30,6,0.2047992854776107,0.0,0.5187153847978531,1852697218.7012992,655032020.546782,655032020.546782,2147604758.572434,1587874649.2620404,0.2032,0.2047992854776107,0.8294259256506191
25-4031,Library Technicians,Education,72880.0,43031.75219538968,3136154100.0,31,6,0.17409134967863288,0.11267830677938584,0.35895773055088204,545977300.0691782,545977300.0691782,545977300.0691782,84927442.5103869,1058008622.4128798,0.054,0.17409134967863288,0.8559318139920117
25-9021,Farm and Home Management Educators,Education,9140.0,60671.039387308534,554533300.0,15,2,0.18199842025234444,0.058130694938928834,0.47779139660699477,100924184.5773194,32235406.095777504,32235406.095777504,172059102.5649796,0.0,0.0,0.18199842025234444,0.8491392880825508
25-9031,Instructional Coordinators,Education,209450.0,77549.40415373597,16242722700.0,30,2,0.018785242980492833,0.0,0.19817006724979724,305123492.5842666,0.0,0.0,1439169833.3002982,0.0,0.3043,0.018785242980492837,0.9849426880587172
25-9044,"Teaching Assistants, Postsecondary",Education,154630.0,47567.805729806634,7355409800.0,20,5,0.2611890294720025,0.1716751539485762,0.5912692917170213,1921152347.0308561,784828336.3182459,784828336.3182459,2358515112.4499617,650961814.9444724,0.1002,0.2611890294720025,0.7798508996237627
27-1011,Art Directors,Creative,48710.0,128546.57975774995,6261503900.0,16,2,0.14608900003330855,0.0,0.5343304154156847,914736843.4556617,453083706.0333598,453083706.0333598,1022768962.499306,350659189.45340693,0.2098,0.14608900003330855,0.8798077578317093
27-1012,Craft Artists,Creative,3330.0,46534.59459459459,154960200.0,16,0,0.0,0.0,0.33049517931420935,0.0,0.0,0.0,37643958.74926694,12738280.632308645,0.0539,,
27-1013,"Fine Artists, Including Painters, Sculptors, and Illustrators",Creative,7750.0,65899.07096774194,510717800.0,28,0,0.0,0.0,0.16370591563117104,0.0,0.0,0.0,53303105.53722046,20119581.15914352,0.3565,,
27-1014,Special Effects Artists and Animators,Creative,19500.0,110786.62051282052,2160339100.0,13,1,0.020054840765920103,0.0,0.7627866311458366,43325256.65089115,43325256.65089115,43325256.65089115,292615632.4052995,220983309.87874308,0.3571,0.020054840765920103,0.9839209132134136
27-1021,Commercial and Industrial Designers,Creative,27280.0,88616.45894428152,2417457000.0,17,1,0.0508319828975489,0.0,0.7741845863121627,122884132.87955987,0.0,0.0,728621847.0807885,0.0,0.0437,0.0508319828975489,0.9589898183206713
27-1022,Fashion Designers,Creative,20140.0,109429.76663356504,2203915500.0,20,0,0.0,0.0,0.5916850003245223,0.0,0.0,0.0,580958927.8782601,110254818.29447626,0.0568,,
27-1023,Floral Designers,Creative,38710.0,37587.261689485924,1455002900.0,15,2,0.15586595996493754,0.0,0.3945151339694706,226785423.76026803,135612697.0799147,135612697.0799147,290860810.4281108,402050775.80471665,0.0,0.15586595996493754,0.8715031277477502
27-1024,Graphic Designers,Creative,211440.0,68629.52326901248,14511026400.0,19,2,0.14204543239788736,0.14204543239788736,0.8486571407693017,2061225019.525159,2061225019.525159,2061225019.525159,2900641487.3787804,1546251106.6954737,0.3672,0.14204543239788736,0.8832325514711976
27-1025,Interior Designers,Creative,67550.0,71638.08142116951,4839152400.0,16,1,0.1141694779587473,0.0,0.7738644012676699,552483503.2708191,0.0,0.0,1335925966.8390465,0.0,0.0,0.1141694779587473,0.9066873207841404
27-1026,Merchandise Displayers and Window Trimmers,Creative,185030.0,40600.86256282765,7512377600.0,24,1,0.03652185314179758,0.03652185314179758,0.2892706102005,274365951.4529298,274365951.4529298,274365951.4529298,220070554.7483873,2672318662.3991785,0.0,0.03652185314179758,0.9706205172088344
27-1027,Set and Exhibit Designers,Creative,9780.0,79493.40490797546,777445500.0,27,1,0.014785179511821244,0.014785179511821244,0.791521675398006,11494671.278157623,0.0,0.0,351584380.0076484,18288914.1507638,0.0,0.014785179511821246,0.9881585188997105
27-2012,Producers and Directors,Creative,142750.0,111199.36742556917,15873709700.0,82,6,0.08673053347418659,0.031377112221493406,0.49446379128350865,1376735310.4953704,802747873.8942475,349056429.326188,4830070229.323807,645784991.4693277,0.092,0.08673053347418659,0.9295125078246363
27-2021,Athletes and Sports Competitors,Creative,14070.0,264606.3752665245,3723011700.0,9,0,0.0,0.0,0.11660649020321923,0.0,0.0,0.0,0.0,877147234.4086553,0.0,,
27-2022,Coaches and Scouts,Creative,249960.0,58935.56809089454,14731534600.0,27,1,0.026084026126708237,0.0,0.3411245837395817,384257733.39290637,384257733.39290637,384257733.39290637,3375561952.2293262,741215101.4535888,0.0,0.02608402612670823,0.9790614393095826
27-2023,"Umpires, Referees, and Other Sports Officials",Creative,14150.0,47682.48056537103,674707100.0,16,5,0.24270109170420553,0.20429913902601,0.5529800891996468,163752149.75057858,163752149.75057858,163752149.75057858,71143440.02063335,100774062.347297,0.0,0.24270109170420553,0.7962350688400701
27-2032,Choreographers,Creative,3120.0,60521.41025641026,188826800.0,18,1,0.0778983557399228,0.0,0.6099692722128517,14709297.239631256,14709297.239631256,14709297.239631256,4177368.7896064552,0.0,0.0801,0.07789835573992279,0.936805038474255
27-2041,Music Directors and Composers,Creative,11660.0,83578.13036020583,974521000.0,30,3,0.1329296977549241,0.06877021748446871,0.5208626754660891,129542781.9858264,129542781.9858264,129542781.9858264,71090926.53443635,0.0,0.0368,0.1329296977549241,0.8909323007697996
27-3011,Broadcast Announcers and Radio Disc Jockeys,Marketing,23440.0,70141.88566552901,1644125800.0,24,1,0.054659202019519265,0.0,0.7389174718659994,89866604.24770373,89866604.24770373,89866604.24770373,402340602.2586204,183940343.96953467,0.0634,0.05465920201951928,0.9558677143497727
27-3023,"News Analysts, Reporters, and Journalists",Marketing,40480.0,95669.50098814229,3872701400.0,30,2,0.06722456488627732,0.06722456488627732,0.8794981245402821,260340666.549477,0.0,0.0,1441308016.3343713,89360259.50719458,0.2098,0.06722456488627732,0.9455830353810887
27-3031,Public Relations Specialists,Marketing,278180.0,80454.34718527572,22380790300.0,18,2,0.13955917481743277,0.0,0.5042161398880618,3123444626.0300035,0.0,0.0,7242337437.436906,0.0,0.453,0.1395591748174328,0.8853354944924887
27-3041,Editors,Marketing,92580.0,86239.86390149061,7984086600.0,21,4,0.22572197492456697,0.1057323475079422,0.7942418896845342,1802183795.3207712,1483215935.3868072,1483215935.3868072,580946694.7931846,0.0,0.246,0.22572197492456697,0.8111694580107323
27-3042,Technical Writers,Marketing,46100.0,90637.83514099783,4178404200.0,15,2,0.1509585084833704,0.10421120844766232,0.9481056498211334,630765665.8726505,435436551.06478775,435436551.06478775,1560777282.1085505,0.0,0.4747,0.1509585084833704,0.8756757754048099
27-3043,Writers and Authors,Marketing,46680.0,83872.88988860325,3915186500.0,36,4,0.07904460840830284,0.0,0.6182154396563974,309474383.73797375,0.0,0.0,1422607410.4767404,0.0,0.2462,0.07904460840830285,0.935860092767313
27-3091,Interpreters and Translators,Marketing,49920.0,64090.2483974359,3199385200.0,17,3,0.19657644051782946,0.08430167949291334,0.8105008298099099,628923754.4614239,234403542.03284663,234403542.03284663,986898540.3341298,0.0,0.4304,0.19657644051782946,0.8365570446853333
27-3092,Court Reporters and Simultaneous Captioners,Marketing,12490.0,74635.06805444356,932192000.0,14,3,0.2847361816266405,0.11220319121964982,0.5031314884696684,265428790.62290126,182401564.46146804,182401564.46146804,125126068.18276505,238651460.12368014,0.3431,0.28473618162664044,0.7587957181825604
27-4011,Audio and Video Technicians,Creative,62950.0,61393.22795869738,3864703700.0,29,5,0.16848651703453144,0.0,0.35162957277632956,651150465.7834667,222219461.5492824,222219461.5492824,668695993.3946365,1024553476.0797238,0.0173,0.16848651703453144,0.8607330463756473
27-4012,Broadcast Technicians,Creative,20120.0,64256.60039761431,1292842800.0,27,4,0.2584598075600101,0.08776927114523594,0.36116753319693584,334147901.2933446,96177324.89379491,96177324.89379491,259012259.20536572,403938165.72123283,0.0197,0.2584598075600101,0.7822776609546028
27-4014,Sound Engineering Technicians,Creative,10940.0,81814.78062157221,895053700.0,14,2,0.11085874932327892,0.11085874932327892,0.2671347521006555,99224533.7591733,99224533.7591733,99224533.7591733,0.0,253397640.61580575,0.0,0.11085874932327892,0.909455057098802
27-4015,Lighting Technicians,Creative,7760.0,72876.81701030929,565524100.0,16,0,0.0,0.0,0.1875,0.0,0.0,0.0,70690512.5,247416793.75,,,
27-4021,Photographers,Creative,46640.0,55607.85806174957,2593550500.0,28,1,0.06698556319115626,0.06698556319115626,0.32235478877487284,173730440.9072049,173730440.9072049,173730440.9072049,232453088.01753357,899407708.5116678,0.195,0.06698556319115626,0.9457791494119057
27-4031,"Camera Operators, Television, Video, and Film",Creative,22810.0,80781.63963174046,1842629200.0,21,1,0.009179367422339116,0.009179367422339116,0.3016705682677496,16914170.449930787,16914170.449930787,16914170.449930787,80131334.55931321,373329615.3234604,0.1651,0.009179367422339116,0.9926565445610511
27-4032,Film and Video Editors,Creative,27350.0,84699.99268738575,2316544800.0,22,2,0.1009996109960993,0.1009996109960993,0.5420795639965528,233970123.65503666,130956661.67100945,130956661.67100945,540654166.5533853,162157010.95116505,0.2234,0.10099961099609933,0.9176748740390622
29-1011,Chiropractors,Clinical,36730.0,91205.49142390417,3349977700.0,11,2,0.2260697472125471,0.0,0.4429561703324333,757328611.80667,369630641.17187834,369630641.17187834,521627950.5825551,0.0,0.0,0.2260697472125471,0.8108646405016247
29-1021,"Dentists, General",Clinical,113150.0,196148.0671674768,22194153800.0,20,0,0.0,0.0,0.06108048213653038,0.0,0.0,0.0,0.0,791864238.490094,0.0309,,
29-1022,Oral and Maxillofacial Surgeons,Clinical,4970.0,371703.50100603624,1847366400.0,14,0,0.0,0.0,0.0,0.0,0.0,0.0,0.0,0.0,0.0,,
29-1023,Orthodontists,Clinical,5040.0,252851.26984126985,1274370400.0,11,1,0.0891649251873958,0.0,0.17216468278314606,113629141.37703165,113629141.37703165,113629141.37703165,219921958.43454993,89779632.75746642,0.0,0.0891649251873958,0.9274978390153321
29-1024,Prosthodontists,Clinical,710.0,259500.0,184245000.0,12,0,0.0,0.0,0.0,0.0,0.0,0.0,0.0,33944897.77535357,0.0,,
29-1031,Dietitians and Nutritionists,Clinical,74880.0,74889.47382478633,5607723800.0,28,2,0.033308586952313514,0.0,0.45011173485811723,186785355.79685795,0.0,0.0,1303823745.802694,82444052.64789249,0.1328,0.03330858695231352,0.9732228478766629
29-1041,Optometrists,Clinical,41680.0,140999.23464491364,5876848100.0,10,0,0.0,0.0,0.06057692038353902,0.0,0.0,0.0,0.0,870270882.0791423,0.0,,
29-1051,Pharmacists,Clinical,327910.0,137226.0614192919,44997797800.0,20,1,0.02072954781977283,0.0,0.5133304131957325,932784001.2795687,0.0,0.0,7013835059.910069,0.0,0.0896,0.02072954781977283,0.9833776940101997
29-1071,Physician Assistants,Clinical,154640.0,136965.31169167097,21180315800.0,28,3,0.13019095983187645,0.0,0.27932240718637424,2757485643.544258,0.0,0.0,5247381368.578278,318801270.7157445,0.0,0.13019095983187645,0.8932399448650609
29-1081,Podiatrists,Clinical,9370.0,163953.6499466382,1536245700.0,11,0,0.0,0.0,0.08193960033794001,0.0,0.0,0.0,0.0,0.0,0.0,,
29-1122,Occupational Therapists,Clinical,148330.0,98538.18108272096,14616168400.0,38,2,0.09097021732632778,0.0,0.3561614405070853,1329636015.8262045,770786657.1974802,770786657.1974802,1531887944.92758,689805425.2827536,0.008,0.09097021732632779,0.9260025042114399
29-1123,Physical Therapists,Clinical,248040.0,102404.82301241736,25400492300.0,24,1,0.07083395495267691,0.0,0.5233963958250127,1799217327.3540168,0.0,0.0,6524778322.223358,1721884289.5373163,0.0174,0.07083395495267691,0.9426190026724997
29-1124,Radiation Therapists,Clinical,18130.0,111004.18091560948,2012505800.0,22,1,0.04392355874535732,0.0,0.10724846228438327,88396416.73167233,0.0,0.0,215838152.38840258,95356756.61612864,0.0,0.04392355874535731,0.9646131564710182
29-1125,Recreational Therapists,Clinical,14830.0,64029.89211058665,949563300.0,11,1,0.07430198860506856,0.0,0.39342039384868366,70554441.4963913,0.0,0.0,151042441.10161093,0.0,0.0,0.07430198860506856,0.9397669290531585
29-1126,Respiratory Therapists,Clinical,135840.0,84287.1363368669,11449564600.0,22,2,0.12481498019072082,0.0,0.24416778009362194,1429077178.7413783,0.0,0.0,1429077178.7413783,1030841871.1675476,0.0,0.12481498019072079,0.8977621158110479
29-1127,Speech-Language Pathologists,Clinical,177930.0,95827.44562468387,17050577400.0,23,3,0.15940404816818043,0.0,0.3466869098544249,2717931061.164889,0.0,0.0,3670233978.118179,758060727.7464467,0.0,0.15940404816818038,0.868489516557983
29-1128,Exercise Physiologists,Clinical,7740.0,59201.795865633074,458221900.0,25,0,0.0,0.0,0.2726040379265824,0.0,0.0,0.0,57127924.90406286,77160535.19555245,0.0,,
29-1129,"Therapists, All Other",Clinical,16000.0,70278.25,1124452000.0,55,1,0.0030575091481659065,0.0030575091481659065,0.35225774066211174,3438022.27667345,3438022.27667345,3438022.27667345,101056178.35146134,11451852.08512606,0.0402,0.0030575091481659057,0.9975570243891426
29-1131,Veterinarians,Clinical,79700.0,140354.08030112923,11186220200.0,21,2,0.0434354533223818,0.0,0.0434354533223818,485878545.3509844,0.0,0.0,485878545.3509844,1037974564.7440779,0.0926,0.043435453322381794,0.9650098685396906
29-1141,Registered Nurses,Clinical,3279600.0,98430.98353457739,322814253600.0,100,3,0.04411967489293056,0.0,0.3160042406889293,14242459919.63604,3129953451.8152156,0.0,34268160454.560535,6264329957.262594,0.0595,0.044119674892930554,0.9644537391385308
29-1151,Nurse Anesthetists,Clinical,48980.0,233128.47897100856,11418632900.0,24,0,0.0,0.0,0.1358371667029733,0.0,0.0,0.0,979641947.61969,517374531.6588379,0.0,,
29-1161,Nurse Midwives,Clinical,8060.0,129353.13895781638,1042586300.0,21,3,0.2100187782829939,0.0,0.5015418543657637,218962700.98058695,0.0,0.0,218962700.98058692,0.0,0.052,0.2100187782829939,0.8248866100833647
29-1171,Nurse Practitioners,Clinical,303470.0,132177.61986357794,40111942300.0,27,1,0.03644397057844943,0.0,0.35530877494589613,1461838445.0256612,1461838445.0256612,1461838445.0256612,6771703094.322399,2589413598.0246286,0.0944,0.03644397057844943,0.9706836321687073
29-1181,Audiologists,Clinical,14400.0,95041.0625,1368591300.0,22,2,0.14258471564861833,0.0,0.35687046184180393,195140201.34967288,0.0,0.0,219017787.91539565,189060489.5755577,0.0,0.14258471564861833,0.8827761250174828
29-1211,Anesthesiologists,Clinical,41420.0,338015.02414292615,14000582300.0,18,2,0.11885380859862234,0.0,0.3245726694370259,1664022528.9534597,0.0,0.0,2275672087.8062506,0.0,0.0,0.11885380859862231,0.9027648037687168
29-1212,Cardiologists,Clinical,17540.0,437849.77194982895,7679885000.0,25,4,0.16,0.0,0.24,1228781600.0,0.0,0.0,1228781600.0,1535977000.0,,0.16,0.8679814701855653
29-1213,Dermatologists,Clinical,9220.0,355800.8676789588,3280484000.0,18,0,0.0,0.0,0.26220501190562573,0.0,0.0,0.0,417440603.5001177,0.0,0.0,,
29-1214,Emergency Medicine Physicians,Clinical,33340.0,321367.5794841032,10714395100.0,17,1,0.06993463041428646,0.0,0.3640718254431769,749307261.4311419,0.0,0.0,749307261.4311419,0.0,,0.06993463041428646,0.9433579374023715
29-1215,Family Medicine Physicians,Clinical,107660.0,257381.755526658,27709719800.0,12,1,0.12448688630681844,0.0,0.327953890033888,3449496738.3363957,0.0,0.0,3763401636.113375,0.0,0.0,0.12448688630681844,0.8980377767469304
29-1216,General Internal Medicine Physicians,Clinical,59860.0,261508.23421316405,15653882900.0,19,2,0.08638508701714911,0.0,0.22176461599966715,1352262036.4727626,181340196.32444966,181340196.32444966,1170921840.1483128,716671578.7388997,0.084,0.08638508701714911,0.9297982315607928
29-1217,Neurologists,Clinical,7280.0,283828.5714285714,2066272000.0,24,2,0.11229168613650652,0.0,0.4622124276437074,232025166.8966516,0.0,0.0,316861903.59124804,0.0,0.0,0.11229168613650654,0.9082575998484926
29-1218,Obstetricians and Gynecologists,Clinical,19460.0,280908.8335046249,5466485900.0,15,2,0.13278616150793732,0.0,0.3105444211007214,725873679.5982621,725873679.5982621,725873679.5982621,0.0,0.0,0.0685,0.1327861615079373,0.8910533085262112
29-1221,"Pediatricians, General",Clinical,42710.0,222466.1109810349,9501527600.0,17,2,0.09993442774943559,0.09993442774943559,0.3150594155935287,949529723.4514681,0.0,0.0,1387679956.049744,0.0,0.0,0.09993442774943559,0.9185609498041921
29-1222,"Physicians, Pathologists",Clinical,8840.0,270438.3823529412,2390675300.0,19,0,0.0,0.0,0.35731025959636586,0.0,0.0,0.0,462915130.63769287,0.0,0.1577,,
29-1223,Psychiatrists,Clinical,24440.0,270252.49590834696,6604971000.0,12,1,0.1267958914221738,0.0,0.32967015394524984,837483185.7626066,837483185.7626066,837483185.7626066,185271774.1580065,571203329.443063,0.0,0.12679589142217376,0.8960969810041158
29-1224,Radiologists,Clinical,26130.0,383053.972445465,10009200300.0,30,2,0.1745390842200439,0.0,0.5176547412400696,1746996654.1369889,976393960.6782341,976393960.6782341,1956565505.73617,5095824.525938017,0.199,0.1745390842200439,0.8555477892073342
29-1229,"Physicians, All Other",Clinical,313460.0,253975.83391820328,79611264900.0,92,4,0.06964328353554969,0.0,0.12386254044035368,5544389894.054455,5544389894.054455,0.0,0.0,0.0,0.0297,0.06964328353554972,0.9435972658489109
29-1241,"Ophthalmologists, Except Pediatric",Clinical,12050.0,302316.6307053942,3642915400.0,18,1,0.05399541123625291,0.0,0.22014207777251876,196700715.12187877,0.0,0.0,509050846.67909044,261258402.5456131,0.0,0.05399541123625291,0.9564095592829444
29-1242,"Orthopedic Surgeons, Except Pediatric",Clinical,11200.0,358591.35714285716,4016223200.0,15,2,0.13333333333333333,0.0,0.3333333333333333,535496426.6666667,0.0,0.0,535496426.6666667,0.0,0.0,0.13333333333333336,0.8905919785850511
29-1243,Pediatric Surgeons,Clinical,1010.0,450578.71287128713,455084500.0,18,1,0.05555555555555555,0.0,0.2222222222222222,25282472.22222222,0.0,0.0,25282472.22222222,0.0,0.0,0.05555555555555555,0.9551357984595507
29-1291,Acupuncturists,Clinical,7690.0,85996.46293888167,661312800.0,18,1,0.06575335011613388,0.0,0.4951626519649246,43483532.07468082,43483532.07468082,43483532.07468082,50118025.70007047,26063847.455586083,0.0,0.06575335011613388,0.9467899442454318
29-1292,Dental Hygienists,Clinical,218500.0,93898.35057208237,20516789600.0,16,3,0.18921956894810346,0.02082236960392584,0.27572231928883306,3882178084.310932,0.0,0.0,3882178084.310932,1552488622.7974815,0.0,0.18921956894810346,0.8429163419991387
29-1299,"Healthcare Diagnosing or Treating Practitioners, All Other",Clinical,24340.0,129886.18323746919,3161429700.0,36,2,0.022327099947150868,0.0,0.33234379140804915,70585556.88779119,70585556.88779119,0.0,585568407.7714912,255247364.2631079,0.0222,0.02232709994715087,0.9820908835449886
29-2011,Medical and Clinical Laboratory Technologists,Clinical,171030.0,65326.98152370929,11172873650.0,72,4,0.09730439638680681,0.02579243567343778,0.162806219153347,1087169726.419309,1087169726.419309,0.0,0.0,451231696.0546043,,0.09730439638680681,0.9207470875553745
29-2012,Medical and Clinical Laboratory Technicians,Clinical,171030.0,65326.98152370929,11172873650.0,21,0,0.0,0.0,0.030496211852585147,0.0,0.0,0.0,0.0,6758350934.833886,,,
29-2031,Cardiovascular Technologists and Technicians,Clinical,60500.0,73023.73719008264,4417936100.0,21,3,0.14996564498640214,0.07664223921794452,0.4819572716977966,662538636.74521,662538636.74521,0.0,404347097.5146938,373590162.2009104,0.0,0.14996564498640214,0.8765189403328298
29-2032,Diagnostic Medical Sonographers,Clinical,86170.0,92556.75873273761,7975615900.0,20,3,0.16551149563451917,0.0,0.2952131587081201,1320056116.2154517,1320056116.2154517,0.0,0.0,964743075.544318,0.0,0.16551149563451917,0.8632769626306802
29-2033,Nuclear Medicine Technologists,Clinical,16490.0,99975.8399029715,1648601600.0,17,1,0.08447056855375189,0.08447056855375189,0.14564855171453645,139258314.47062504,139258314.47062504,0.0,0.0,418486683.50184435,0.0513,0.08447056855375189,0.9313810237979652
29-2034,Radiologic Technologists and Technicians,Clinical,222710.0,79766.85375600557,17764876000.0,30,3,0.11632242367992199,0.11632242367992199,0.43288488585742874,2066453432.6932778,2066453432.6932778,0.0,2014803879.615333,2612023159.696617,0.0,0.11632242367992199,0.9048854506151024
29-2035,Magnetic Resonance Imaging Technologists,Clinical,40900.0,91192.61369193155,3729777900.0,24,2,0.1263678442811586,0.05537846411586443,0.3972905637310865,471323992.87050676,471323992.87050676,0.0,343966435.1194899,1171912084.6132314,0.039,0.12636784428115863,0.8964569088057504
29-2036,Medical Dosimetrists,Clinical,3510.0,143973.01994301996,505345300.0,19,1,0.05076059064893983,0.0,0.13480611349845906,25651625.909665693,25651625.909665693,0.0,0.0,20872053.94827926,,0.050760590648939834,0.9590480112596689
29-2042,Emergency Medical Technicians,Clinical,171770.0,44713.99429469639,7680522800.0,12,0,0.0,0.0,0.16666666666666666,0.0,0.0,0.0,0.0,1280087133.3333333,0.0,,
29-2043,Paramedics,Clinical,97930.0,60665.51005820484,5940973400.0,13,1,0.07692307692307693,0.07692307692307693,0.38461538461538464,456997953.84615386,456997953.84615386,0.0,0.0,0.0,0.0,0.07692307692307694,0.9376086879829901
29-2051,Dietetic Technicians,Clinical,28890.0,39768.556593977155,1148913600.0,13,0,0.0,0.0,0.28070356102800054,0.0,0.0,0.0,284081751.86934674,104166197.72157355,0.2446,,
29-2052,Pharmacy Technicians,Clinical,485870.0,44800.005351225635,21766978600.0,21,4,0.23577346941224692,0.041214717946464766,0.44062171789856436,5132076063.144134,5132076063.144134,0.0,0.0,5357554152.497204,0.0735,0.23577346941224692,0.8023413808936911
29-2053,Psychiatric Technicians,Clinical,135450.0,44984.21188630491,6093111500.0,16,1,0.009811270972262233,0.0,0.13508672847896375,59781167.99070719,0.0,0.0,59781167.99070719,962239351.8698181,0.0,0.009811270972262233,0.9921500230736198
29-2055,Surgical Technologists,Clinical,113430.0,65784.2942784096,7461912500.0,16,1,0.031096855887645627,0.0,0.17116303913406467,232042017.6587215,232042017.6587215,0.0,0.0,2300859764.703579,0.0,0.031096855887645627,0.9750120941948929
29-2056,Veterinary Technologists and Technicians,Clinical,130850.0,46224.51280091708,6048477500.0,31,4,0.10634858627579365,0.0,0.18621032758439227,643247031.2459466,643247031.2459466,0.0,0.0,2337425546.809885,0.0,0.10634858627579365,0.9132194371797299
29-2057,Ophthalmic Medical Technicians,Clinical,75760.0,45383.78167898627,3438275300.0,20,0,0.0,0.0,0.12411984178769006,0.0,0.0,0.0,308963226.86797124,2118146511.9772723,0.0,,
29-2061,Licensed Practical and Licensed Vocational Nurses,Clinical,631310.0,64160.02803693906,40504867300.0,22,3,0.09418081501622828,0.041666593286875435,0.24572459579800815,3814781414.438174,3814781414.438174,0.0,0.0,10914370357.769848,0.0,0.09418081501622828,0.9233404064157668
29-2072,Medical Records Specialists,Finance,186240.0,55958.05143900344,10421627500.0,17,6,0.35294117647058826,0.058823529411764705,0.7058823529411764,3678221470.5882354,3065184558.8235297,0.0,1226073823.5294118,1839110735.2941175,0.6674,0.35294117647058826,0.6965950359417626
29-2081,"Opticians, Dispensing",Clinical,79650.0,49818.27369742624,3968025500.0,21,5,0.2613516476637991,0.06174432492955733,0.4837995655256402,1037050002.3969703,1037050002.3969704,0.0,146077294.58376208,1052220027.2646534,0.0,0.2613516476637991,0.7797062143356824
29-2091,Orthotists and Prosthetists,Clinical,9360.0,81593.4188034188,763714400.0,15,1,0.1342450229481506,0.0,0.39458548649545594,102524857.15383308,102524857.15383308,0.0,0.0,145224050.786924,0.0,0.1342450229481506,0.8898230852310407
29-2092,Hearing Aid Specialists,Clinical,7000.0,61075.75714285715,427530300.0,11,0,0.0,0.0,0.0,0.0,0.0,0.0,0.0,207693698.5105165,0.0,,
29-2099,"Health Technologists and Technicians, All Other",Clinical,173060.0,56291.739859008434,9741848500.0,60,1,0.017148683378649474,0.017148683378649474,0.36451417540255704,167059875.44927132,167059875.44927132,0.0,1343621101.6491144,965181115.7772064,0.0445,0.017148683378649478,0.9862590206130416
29-9021,Health Information Technologists and Medical Registrars,Clinical,35820.0,72519.24343941933,2597639300.0,16,5,0.3125,0.0625,0.5,811762281.25,649409825.0,0.0,162352456.25,162352456.25,0.3063,0.3125,0.7336962148933249
29-9091,Athletic Trainers,Clinical,28370.0,64007.44800845964,1815891300.0,23,1,0.0834082781342639,0.0834082781342639,0.28964722505288654,151460366.61199003,151460366.61199003,0.0,118070971.38773294,358493114.05069005,0.0531,0.08340827813426391,0.9322587167351297
29-9092,Genetic Counselors,Clinical,3250.0,103771.5076923077,337257400.0,19,2,0.11623938703197037,0.0,0.523245399159796,39202593.44799604,39202593.44799604,0.0,43357007.67804531,0.0,0.0123,0.11623938703197034,0.9049549763601771
29-9093,Surgical Assistants,Clinical,21200.0,66097.50943396226,1401267200.0,28,1,0.04770982808800662,0.0,0.1498257592450699,66854217.21736239,66854217.21736239,0.0,0.0,296826218.4073546,0.0,0.04770982808800662,0.9615331560709719
29-9099,"Healthcare Practitioners and Technical Workers, All Other",Clinical,34950.0,73362.23462088699,2564010100.0,36,3,0.06970883378352213,0.062820059749416,0.19674152145459076,178734153.88017195,178734153.88017195,0.0,341203989.5983945,216175033.374836,0.0,0.0697088337835221,0.9435434217329172
41-1011,First-Line Supervisors of Retail Sales Workers,Retail front line,1111380.0,52327.08821465205,58155279300.0,21,3,0.09873656539548788,0.0,0.4238119504326995,5742052537.697312,5742052537.697312,0.0,4103801138.0951543,11968320643.001032,0.2627,0.09873656539548788,0.9195569315002494
41-1012,First-Line Supervisors of Non-Retail Sales Workers,Sales,217450.0,97863.1892389055,21280350500.0,18,2,0.10644552754398912,0.07007099329870135,0.37821894188080973,2265198135.2934923,2265198135.2934923,0.0,377719956.7183796,1844195516.7600143,0.2295,0.10644552754398914,0.9131385992641554
41-2011,Cashiers,Retail front line,3142910.0,31801.80351966808,99950206300.0,28,1,0.038943493714498345,0.038943493714498345,0.40755855143045705,3892410230.806863,3892410230.806863,0.0,8389965140.921573,31821561195.47192,0.0846,0.038943493714498345,0.96865705680265
41-2012,Gambling Change Persons and Booth Cashiers,Retail front line,21630.0,36923.846509477575,798662800.0,13,3,0.2411064295569743,0.06575076127864209,0.5019065080374977,192562736.12797585,192562736.12797585,0.0,42943594.34689587,340277165.68242806,0.0,0.2411064295569743,0.7976422618873253
41-2021,Counter and Rental Clerks,Retail front line,392830.0,43773.72985769926,17195634300.0,16,6,0.39556141948919554,0.14944523784360791,0.5682540658163032,6801929512.7251,6801929512.7251005,0.0,1429155323.52642,0.0,0.2048,0.39556141948919554,0.6567837248589229
41-2022,Parts Salespersons,Retail front line,263230.0,42270.59947574365,11126889900.0,19,3,0.2241677380920789,0.14312842600858733,0.420492922304553,2494289740.882598,2494289740.882598,0.0,0.0,4183747468.4147134,0.0,0.2241677380920789,0.8125311779420981
41-2031,Retail Salespersons,Retail front line,3789940.0,37131.42588009309,140725876200.0,24,3,0.14666338179093663,0.0,0.43139894355806174,20639332908.984684,20639332908.984684,0.0,12713166955.843328,37039294390.62209,0.3222,0.1466633817909366,0.8793208054150992
41-3011,Advertising Sales Agents,Sales,93700.0,75378.12379935966,7062930200.0,20,4,0.24372536667548478,0.0,0.5880411195234865,1721415252.798355,1721415252.798355,0.0,403663488.3766728,355700057.7962406,0.1482,0.24372536667548478,0.7953307064574235
41-3021,Insurance Sales Agents,Sales,462310.0,81603.65490688066,37726185700.0,19,5,0.3054367119932628,0.1519483995483757,0.7647676521177432,11522962116.255249,9045956617.948757,0.0,8223398609.28476,0.0,0.3188,0.3054367119932628,0.7401100636964099
41-3031,"Securities, Commodities, and Financial Services Sales Agents",Sales,468870.0,110468.08688975622,51795171900.0,30,9,0.29740674706711445,0.13548676204834983,0.6199349551915776,15404233588.561014,12026739860.496393,0.0,14728155902.706669,0.0,0.4413,0.29740674706711445,0.747378119942842
41-3041,Travel Agents,Sales,51830.0,52168.269342079875,2703881400.0,8,5,0.6423693656286271,0.3857486032898677,0.77612819468511,1736890579.6530442,1736890579.6530442,0.0,0.0,0.0,0.4054,0.6423693656286271,0.4107991379950397
41-3091,"Sales Representatives of Services, Except Advertising, Insurance, Financial Services, and Travel",Sales,1188040.0,81242.83290124912,96519735200.0,15,6,0.39999999999999997,0.13333333333333333,0.7333333333333333,38607894080.0,38607894080.0,0.0,0.0,6434649013.333333,,0.4,0.6525949165630095
41-4011,"Sales Representatives, Wholesale and Manufacturing, Technical and Scientific Products",Sales,289430.0,114539.50281587949,33151168300.0,46,12,0.2932654026488022,0.11521988134338146,0.5514995699981697,9722090719.777706,8321499575.349277,0.0,8489151010.138085,1353051780.8137834,0.2706,0.2932654026488022,0.751116750848036
41-4012,"Sales Representatives, Wholesale and Manufacturing, Except Technical and Scientific Products",Sales,1263600.0,81551.9749920861,103049075600.0,18,6,0.3237852662249544,0.0987847438178901,0.7009318486409205,33365772377.381454,30207317997.76116,0.0,19594798729.505917,5325760140.209421,0.6279,0.3237852662249544,0.7234080519119169
41-9011,Demonstrators and Product Promoters,Sales,52840.0,42154.212717638155,2227428600.0,21,1,0.05859826151782238,0.05859826151782238,0.36335805231112867,130523443.61507697,130523443.61507697,0.0,179142732.55552706,514504091.34144634,0.0788,0.05859826151782237,0.9526492868904372
41-9012,Models,Sales,1360.0,53177.94117647059,72322000.0,10,3,0.27194607406867166,0.14160819618754653,0.27194607406867166,19667683.968794473,19667683.968794473,0.0,0.0,0.0,0.0,0.27194607406867166,0.7702584860230788
41-9021,Real Estate Brokers,Sales,47210.0,91789.42385087904,4333378700.0,17,2,0.10759910257367813,0.0,0.45055673848692346,466267659.231892,466267659.231892,0.0,96295764.28894913,0.0,0.2609,0.10759910257367813,0.9121764020588927
41-9022,Real Estate Sales Agents,Sales,184040.0,71549.15942186481,13167907300.0,33,6,0.13345740601240588,0.0,0.6067972392783951,1757354750.8698232,1427280645.857012,0.0,2283844016.1127334,0.0,0.2828,0.1334574060124059,0.8904873562448749
41-9031,Sales Engineers,Sales,54760.0,131815.8564645727,7218236300.0,25,3,0.09587577034757544,0.012672629661549497,0.4012838590528139,692053965.8133327,692053965.8133327,0.0,1237699003.6880555,0.0,0.3224,0.09587577034757544,0.9219336015515366
41-9041,Telemarketers,Sales,62190.0,35596.62968322881,2213754400.0,12,4,0.3845926624492846,0.38459266244928453,0.9999999999999999,851393698.7048185,611733978.7236769,0.0,287846720.2109597,0.0,0.2852,0.38459266244928464,0.6671004033652923
41-9091,"Door-to-Door Sales Workers, News and Street Vendors, and Related Workers",Sales,1200.0,38057.666666666664,45669200.0,12,3,0.2325774142066795,0.08673591695149098,0.5048592380113441,10621624.444887687,6103891.8766278215,0.0,4517732.568259865,14772110.15412915,0.1758,0.2325774142066795,0.8051524962145514
43-1011,First-Line Supervisors of Office and Administrative Support Workers,Admin,1495550.0,71563.0126040587,107026063500.0,28,6,0.18719653885794763,0.0976324261794877,0.660075548745063,20034908654.79092,20034908654.79092,0.0,10435087900.288645,0.0,0.1856,0.18719653885794763,0.8446616196054092
43-2011,"Switchboard Operators, Including Answering Service",Admin,33190.0,41941.08466405544,1392024600.0,19,3,0.10560680852035957,0.0,0.5107146392952121,147007275.38783014,147007275.38783014,0.0,327828351.38115174,297486138.5112034,0.3863,0.10560680852035957,0.9138378880748851
43-2021,Telephone Operators,Admin,3050.0,43563.34426229508,132868200.0,14,4,0.27843549036735765,0.0,0.43608845442337696,36995222.42122815,30515238.83777105,0.0,6479983.583457099,32296735.259420346,0.0,0.27843549036735765,0.7644503544949703
43-3011,Bill and Account Collectors,Finance,161590.0,48307.38659570518,7805990600.0,15,5,0.388245173746968,0.06952307350559246,0.8459453307988243,3030638176.764199,3030638176.764199,0.0,896848137.5200256,0.0,0.2989,0.388245173746968,0.6636705230377433
43-3021,Billing and Posting Clerks,Finance,416020.0,49489.521176866496,20588630600.0,28,12,0.5258313690162156,0.0007500490145033721,0.7197034162628816,10826147814.567148,9358796268.564808,0.0,3275857705.8930655,5385833610.695109,0.1924,0.5258313690162156,0.5303582246688774
43-3031,"Bookkeeping, Accounting, and Auditing Clerks",Finance,1455690.0,52018.87922565931,75723362300.0,28,16,0.5498832359753073,0.24885895282593612,0.7636701684403626,41639007500.45459,39344716073.55647,0.0,2294291426.898111,12095337350.867563,0.3104,0.5498832359753073,0.5061999490217222
43-3041,Gambling Cage Workers,Finance,13300.0,38631.28571428572,513796100.0,17,2,0.10082779209009639,0.04107605391556402,0.23942330358568112,51804926.34750237,51804926.34750237,0.0,47216352.719097205,180368047.04093572,0.0653,0.10082779209009639,0.9178178283533702
43-3051,Payroll and Timekeeping Clerks,Finance,154660.0,56929.66054571318,8804741300.0,21,8,0.40208513523505585,0.04732069025444454,0.8635612171316448,3540255596.3201814,2564952420.976334,0.0,2515551662.59511,600184769.0374229,0.0487,0.40208513523505574,0.650624303595665
43-3061,Procurement Clerks,Finance,57930.0,50518.05800103573,2926511100.0,19,8,0.4436458421541828,0.0,0.7795341561778673,1298334481.533064,1298334481.533064,0.0,179209009.35753536,149764500.1003783,0.2436,0.4436458421541828,0.6109669286254942
43-3071,Tellers,Finance,338770.0,40941.29645482186,13869683000.0,28,9,0.2783828679418608,0.14117121796539286,0.3733034216444599,3861082130.984472,3861082130.9844723,0.0,802360548.0987949,6440124350.347695,0.0231,0.2783828679418608,0.764497517120014
43-4011,Brokerage Clerks,Admin,38430.0,68115.67265157429,2617685300.0,10,5,0.45766843134921414,0.1748805275566248,1.0,1198031925.016897,1074284716.1327598,0.0,632812085.8387383,0.0,0.1744,0.45766843134921414,0.5974214533976842
43-4021,Correspondence Clerks,Admin,2820.0,47097.94326241135,132816200.0,17,5,0.27495118967847126,0.10971769077806062,0.928327581068697,36517972.198573776,36517972.198573776,0.0,41837694.87972644,2637535.500510156,0.2786,0.27495118967847126,0.7675708583557173
43-4031,"Court, Municipal, and License Clerks",Admin,169360.0,51232.676547000476,8676766100.0,30,10,0.39559123931416784,0.09721034841815597,0.8713969091819964,3432452654.7381587,3432452654.7381587,0.0,2000753164.427322,0.0,0.102,0.39559123931416784,0.6567556102479979
43-4041,"Credit Authorizers, Checkers, and Clerks",Admin,10590.0,51310.38715769594,543377000.0,16,6,0.4338919988224919,0.2375288303150617,0.545482951540852,235766932.64416918,235766932.64416918,0.0,109715837.25144832,68445451.14479946,0.1296,0.4338919988224919,0.6203394401363296
43-4051,Customer Service Representatives,Customer support,2725620.0,45377.148428614404,123680863300.0,13,6,0.5026048036864093,0.2186977484431497,0.9276498924039751,62162596018.66212,49216968689.10755,0.0,25851549928.233112,0.0,0.7011,0.5026048036864093,0.5534402757122331
43-4061,"Eligibility Interviewers, Government Programs",Admin,153900.0,54149.328784925274,8333581700.0,17,8,0.48622091989648875,0.0,0.9729483276087423,4051961760.2065444,2405718866.340398,0.0,2639336325.937133,0.0,0.0597,0.48622091989648875,0.5695781634078881
43-4071,File Clerks,Admin,74130.0,43675.63064886011,3237674500.0,19,3,0.20125793219524235,0.05970832218050115,0.324713104578605,651607674.9912652,651607674.9912652,0.0,114930291.54171562,973139701.2928109,0.1568,0.20125793219524235,0.832500121892684
43-4081,"Hotel, Motel, and Resort Desk Clerks",Admin,259850.0,34688.75966903983,9013874200.0,20,8,0.5189312675984512,0.17686321916100778,0.7521931659971541,4677581164.578976,4054133325.344409,0.0,882946832.7372818,996025473.5425019,0.1725,0.5189312675984512,0.537240584688376
43-4111,"Interviewers, Except Eligibility and Loan",Customer support,150200.0,45724.392143808254,6867803700.0,16,4,0.30391834968389486,0.14713673528907067,0.8846168349720813,2087251566.4569468,2087251566.4569468,0.0,1782485973.7621224,0.0,0.3851,0.30391834968389486,0.7414862796098919
43-4121,"Library Assistants, Clerical",Education,79520.0,37902.13405432596,3013977700.0,32,6,0.17632852201535731,0.16760124250696357,0.3750563092696448,531450233.228246,531450233.2282461,0.0,237430530.52706692,705719529.7184691,0.0978,0.17632852201535731,0.854012259639196
43-4131,Loan Interviewers and Clerks,Finance,167290.0,51040.673680435175,8538594300.0,18,8,0.48344593076967346,0.10730458104210705,0.9202293030443182,4127948668.8281283,4127948668.828128,0.0,1030262260.6527789,0.0,0.2022,0.48344593076967346,0.5722997975636854
43-4141,New Accounts Clerks,Finance,37560.0,47623.26943556975,1788730000.0,15,4,0.3533785759723183,0.02349353138786218,0.7512623866369416,632098860.198965,248377340.1306338,0.0,726346198.2305843,115977499.00035964,0.0,0.3533785759723183,0.696190202431266
43-4151,Order Clerks,Supply chain,81110.0,46318.56367895451,3756898700.0,19,12,0.581913343572946,0.4209229360484881,0.9286723467555543,2186189483.981854,2084527304.8496473,0.0,483840769.55344,267970767.74810866,0.0748,0.5819133435729461,0.47361632365964285
43-4161,"Human Resources Assistants, Except Payroll and Timekeeping",People,91300.0,51041.47864184009,4660087000.0,19,7,0.40189202091740733,0.23593137768025466,0.9328413651002262,1872851782.080938,1219893095.9078074,0.0,1897418822.7161884,312965081.43418187,0.4046,0.40189202091740733,0.6508068871642018
43-4171,Receptionists and Information Clerks,Customer support,963770.0,38474.58044969235,37080646400.0,18,10,0.5254573393317226,0.1776677775907793,0.9078118801485522,19484297798.04442,16718513856.768839,0.0,12596779534.42865,1725462902.996621,0.4338,0.5254573393317226,0.5307318412862871
43-4181,Reservation and Transportation Ticket Agents and Travel Clerks,Customer support,125990.0,47728.76180649258,6013346700.0,21,8,0.4807057457302605,0.29908936896542954,0.7634047793123255,2890650309.758101,2890650309.7581015,0.0,864894941.0978124,313530806.4260708,0.2467,0.4807057457302605,0.5749839901506563
43-5011,Cargo and Freight Agents,Supply chain,96620.0,55439.07679569448,5356523600.0,54,15,0.35139598094388835,0.16068416981991918,0.6821771846573454,1882260864.8710883,1554954402.4266055,0.0,689299822.9789356,211337191.22555414,0.0165,0.3513959809438884,0.6980245711967911
43-5021,Couriers and Messengers,Supply chain,67060.0,40151.22725917089,2692541300.0,15,4,0.2974852198284126,0.23991121269131277,0.4246456206731983,800991240.5275798,800991240.5275798,0.0,0.0,1351440393.3853724,0.0412,0.2974852198284125,0.7473072139749347
43-5031,Public Safety Telecommunicators,Supply chain,96400.0,54940.22510373444,5296237700.0,18,7,0.3963938880955414,0.17866099693341084,0.4936461597655231,2099396254.1811874,1153571991.179744,0.0,945824263.0014433,103773974.12463757,0.0465,0.39639388809554144,0.6559987221122886
43-5032,"Dispatchers, Except Police, Fire, and Ambulance",Supply chain,209460.0,53184.985677456316,11140127100.0,12,6,0.45137538347745465,0.20214250576223852,0.9415113184782077,5028379141.750085,3120471906.927891,0.0,4808357630.233639,0.0,0.2258,0.45137538347745465,0.6035107967068578
43-5041,"Meter Readers, Utilities",Supply chain,19310.0,55777.742102537544,1077068200.0,12,4,0.3144062167234662,0.3144062167234662,0.6147493760411745,338636937.9151536,338636937.9151536,0.0,96740856.2395861,163398262.21778977,0.0,0.3144062167234662,0.7319619269143043
43-5051,Postal Service Clerks,Supply chain,78060.0,61070.0,4767124200.0,19,5,0.22239840246850773,0.07811749952204952,0.4829781079177583,1060200806.4489629,1060200806.4489629,0.0,340984974.1314231,2464707573.6750426,0.0,0.22239840246850773,0.8140802664988854
43-5052,Postal Service Mail Carriers,Supply chain,336040.0,59880.0,20122075200.0,21,6,0.22350666250736145,0.05776003205346968,0.3269951801959771,4497417870.674148,3385315597.50024,0.0,1112102273.1739078,10762648595.461346,0.0,0.22350666250736145,0.8131100981102505
43-5053,"Postal Service Mail Sorters, Processors, and Processing Machine Operators",Supply chain,111920.0,58310.0,6526055200.0,14,2,0.09970007172391235,0.07563055776082199,0.09970007172391235,650648171.5142112,493569194.7539127,0.0,157078976.7602984,4214525469.3943667,0.0,0.09970007172391236,0.9187558474506924
43-5061,"Production, Planning, and Expediting Clerks",Supply chain,384010.0,60368.75498033905,23182205600.0,17,8,0.4526057970381664,0.12281111180884985,0.6897253009326451,10492400642.690645,10492400642.690645,0.0,3051166972.3297596,0.0,0.0934,0.4526057970381664,0.6023215476643359
43-5071,"Shipping, Receiving, and Inventory Clerks",Supply chain,856930.0,44894.108153524794,38471108100.0,11,4,0.3550300417697923,0.1784162111920013,0.5717606173688687,13658399115.673195,11105194064.04379,0.0,2553205051.6294036,12999551747.366596,0.0,0.35503004176979236,0.6946610014272105
43-5111,"Weighers, Measurers, Checkers, and Samplers, Recordkeeping",Supply chain,47760.0,46614.740368509214,2226320000.0,18,3,0.19823638268858973,0.10012765756296145,0.36462541694087786,441337623.5072611,441337623.5072611,0.0,146539637.10451198,1187968756.4895363,0.0,0.19823638268858979,0.8351194715019378
43-6011,Executive Secretaries and Executive Administrative Assistants,Admin,471240.0,77069.19107036754,36318085600.0,22,2,0.13380603814116865,0.055952303816032195,0.8498938688409184,4859579147.007828,4859579147.007828,0.0,14128270596.184956,0.0,0.2336,0.13380603814116865,0.8901933488966584
43-6012,Legal Secretaries and Administrative Assistants,Admin,152940.0,60106.78435987969,9192731600.0,14,1,0.028164002983067198,0.0,0.5959137896893554,258904120.2049361,258904120.2049361,0.0,3752664718.462196,2085930655.8933594,0.0,0.02816400298306719,0.9773822403241179
43-6013,Medical Secretaries and Administrative Assistants,Admin,824350.0,45590.909079881116,37582865900.0,15,4,0.3597874514637567,0.19969955802465295,0.7818205447056633,13521843540.865126,10360543277.28395,0.0,16613259518.719717,0.0,0.3623,0.3597874514637566,0.6902496693543955
43-6014,"Secretaries and Administrative Assistants, Except Legal, Medical, and Executive",Admin,1737380.0,47639.684294742656,82768234700.0,31,3,0.12086897427918356,0.0,0.6838662481832871,10004111631.087729,10004111631.087729,0.0,18331329798.76477,10056166243.166555,0.4528,0.12086897427918356,0.9010750302561706
43-9021,Data Entry Keyers,Admin,129690.0,42171.0825815406,5469167700.0,9,5,0.647343128699113,0.25994442772269927,0.6896870214980861,3540428130.298132,3540428130.298132,0.0,231585850.78840622,748713002.3279443,0.6707,0.6473431286991131,0.4055527709845838
43-9022,Word Processors and Typists,Admin,34120.0,49524.53692848769,1689777200.0,19,6,0.33986294050642946,0.2732315910626086,0.5699113567193016,574292647.992721,461700512.89731973,0.0,342887938.7913166,346574327.9451856,0.2385,0.33986294050642946,0.7086641635473038
43-9031,Desktop Publishers,Admin,2880.0,60715.381944444445,174860300.0,18,7,0.41984830258395545,0.22833276897962002,0.8373273908018517,73414800.14432122,73414800.14432122,0.0,41053106.33375315,10765960.46808724,0.464,0.41984830258395545,0.6337634067001057
43-9041,Insurance Claims and Policy Processing Clerks,Claims & underwriting,222650.0,52200.29822591511,11622396400.0,25,18,0.6724016642641713,0.28850313839572145,0.9999999999999999,7814918682.097913,7100416769.864986,0.0,1913580649.1891,0.0,0.1467,0.6724016642641714,0.3789358131301345
43-9051,"Mail Clerks and Mail Machine Operators, Except Postal Service",Admin,60560.0,40156.60336856011,2431883900.0,26,1,0.02164028746081062,0.02164028746081062,0.06841234139240421,52626666.66731723,52626666.66731723,0.0,0.0,2193555759.5181127,0.0,0.02164028746081062,0.9826442053216715
43-9061,"Office Clerks, General",Admin,2508580.0,45460.092363010146,114040278500.0,20,3,0.14821081707341516,0.060201510775086314,0.5244829461620103,16902002855.76482,16902002855.76482,0.0,5550252792.377511,37233485039.54916,0.4504,0.14821081707341516,0.878008334400751
43-9071,"Office Machine Operators, Except Computer",Admin,21120.0,41786.75189393939,882536200.0,18,2,0.14817447056818245,0.0,0.1952759487266093,130769334.19225557,130769334.19225557,0.0,41568759.54832103,638355406.9326811,0.0239,0.14817447056818245,0.8780391716874245
43-9081,Proofreaders and Copy Markers,Admin,3360.0,52305.92261904762,175747900.0,11,7,0.7005968404465538,0.3184176163418682,0.8715125829075181,123128423.4551169,119472817.91475217,0.0,16476322.790821936,0.0,0.1781,0.7005968404465538,0.3486129852671712
43-9111,Statistical Assistants,Admin,4910.0,56150.855397148676,275700700.0,14,9,0.7310272113027113,0.4169907977175151,0.9090936928389605,201544713.87520543,201544713.87520543,0.0,0.0,0.0,0.5099,0.7310272113027113,0.3154329475084336
