occ,title,function,emp,wage,wage_bill,time_share_basis,split,n_tasks,n_goes,share_passes,rule_strict,rule_loose,scorer_min,scorer_max,share_sonnet,share_gemini,share_gpt6,passes_usd,agreed3_usd,contested_usd,payroll_scored_by_three,not_called_usd,physical_removed_usd,accountable_removed_usd,ai_exposure,modelled_saving_usd,cost_share_stays_after_modelled
11-1011,Chief Executives,Executive,210750.0,263957.6830367734,55629081700.0,rated,direct,49,0,0.0,0.0,0.23306103711621268,0.0,0.0,0.0,0.0,0.0,0.0,0.0,0.0,55629081700.0,0.0,0.0,0.0,0.0333,0.0,
11-1021,General and Operations Managers,Executive,3584370.0,133114.97922926483,477133338100.0,rated,direct,17,0,0.0,0.0,0.1107223196719363,0.0,0.0,0.0,0.0,0.0,0.0,0.0,0.0,477133338100.0,0.0,0.0,0.0,0.1378,0.0,
11-1031,Legislators,Executive,26510.0,67382.50094304036,1786310100.0,equal,direct,30,0,0.0,0.0,0.13333333333333333,0.0,0.0,0.0,0.0,0.0,0.0,0.0,0.0,1786310100.0,0.0,0.0,0.0,0.0,0.0,
11-2011,Advertising and Promotions Managers,Operations,18500.0,154329.5081081081,2855095900.0,partly,direct,30,0,0.0,0.0,0.18612467119227172,0.0,0.0,0.0,0.0,0.0,0.0,0.0,0.0,2855095900.0,0.0,0.0,0.0,0.1731,0.0,
11-2021,Marketing Managers,Marketing,383070.0,172021.88607826247,65896423900.0,rated,direct,20,1,0.06327118762970912,0.0,0.19147853389722305,0.06327118762970912,0.06327118762970912,0.06327118762970912,0.06327118762970912,0.06327118762970912,4169345000.7037487,4169345000.7037487,0.0,65896423900.0,0.0,0.0,0.0,0.3195,1669401666.6548429,0.9488245396841887
11-2022,Sales Managers,Sales,602830.0,160920.72010351176,97007837700.0,rated,direct,17,0,0.0,0.0,0.23112953813697676,0.0,0.04722349660315733,0.04722349660315733,0.0,0.0,0.0,0.0,4581049294.105588,97007837700.0,0.0,0.0,0.0,0.0433,0.0,
11-2032,Public Relations Managers,Marketing,73800.0,164690.26422764227,12154141500.0,equal,direct,20,0,0.0,0.0,0.3,0.0,0.0,0.0,0.0,0.0,0.0,0.0,0.0,12154141500.000002,0.0,0.0,0.0,0.2315,0.0,
11-2033,Fundraising Managers,Marketing,36260.0,137032.66409266408,4968804400.0,rated,direct,16,0,0.0,0.0,0.16268724646166177,0.0,0.0,0.0,0.0,0.0,0.0,0.0,0.0,4968804400.0,0.0,0.0,0.0,,0.0,
11-3012,Administrative Services Managers,Operations,253300.0,125336.40307935255,31747710900.0,partly,direct,18,0,0.0,0.0,0.2477443852114159,0.0,0.0,0.0,0.0,0.0,0.0,0.0,0.0,31747710899.999996,0.0,1792964177.5369081,0.0,0.0,0.0,
11-3013,Facilities Managers,Operations,140440.0,114593.77741384221,16093550100.0,rated,direct,39,0,0.0,0.0,0.1546238063984517,0.0,0.04470532681338819,0.04470532681338819,0.0,0.0,0.0,0.0,719467416.8081361,16093550099.999998,0.0,0.0,0.0,0.1345,0.0,
11-3021,Computer and Information Systems Managers,IT & software,645190.0,188041.7229033308,121322639200.0,rated,direct,17,0,0.0,0.0,0.24347021770427296,0.0,0.0,0.0,0.0,0.0,0.0,0.0,0.0,121322639200.0,0.0,0.0,0.0,0.1559,0.0,
11-3031,Financial Managers,Finance,818060.0,180443.73982348482,147613805800.0,rated,direct,59,1,0.013696857255311327,0.0,0.04872557399937162,0.013696857255311327,0.01893510196305589,0.01893510196305589,0.013696857255311327,0.013696857255311327,2021845226.9558473,2021845226.9558473,773237237.021884,147613805799.99997,0.0,0.0,0.0,0.3907,813613828.7358425,0.9890325705799553
11-3051,Industrial Production Managers,Operations,233360.0,129196.79936578676,30149365100.0,partly,direct,116,2,0.015366330954275881,0.0,0.20687505450170435,0.0,0.07876949100941068,0.07876949100941068,0.0,0.015366330954275881,463285122.18789494,0.0,2374850143.18389,30149365100.0,0.0,0.0,0.0,0.0132,186399875.83709484,0.9876916279723195
11-3061,Purchasing Managers,Procurement,79910.0,150406.51107495933,12018984300.0,rated,direct,18,2,0.1525078652766184,0.0,0.39174343333002354,0.07372653219941225,0.1525078652766184,0.1525078652766184,0.1525078652766184,0.07372653219941225,1832989638.3861916,886118032.9981803,946871605.3880112,12018984299.999998,0.0,0.0,0.0,0.2004,727287024.0613046,0.8743593269035539
11-3071,"Transportation, Storage, and Distribution Managers",Supply chain,211660.0,115641.5524898422,24476691000.0,partly,direct,60,2,0.028007798618473047,0.0,0.24609550167218028,0.011120077519400591,0.05886659698546974,0.05886659698546974,0.028007798618473047,0.011120077519400591,685538232.3745917,272182701.3384148,1168676803.2964597,24476691000.000004,0.0,0.0,0.0,0.0956,275470215.8583412,0.9775083957935269
11-3111,Compensation and Benefits Managers,People,18570.0,157307.38826063543,2921198200.0,rated,direct,22,1,0.020848322210139773,0.0,0.3282918343819896,0.020848322210139773,0.020848322210139773,0.020848322210139773,0.020848322210139773,0.020848322210139773,60902081.31328033,60902081.31328033,0.0,2921198199.9999995,0.0,0.0,0.0,0.0,24490018.626368634,0.9832820511856978
11-3121,Human Resources Managers,People,214050.0,160602.2125671572,34376903600.0,rated,direct,26,1,0.038942445875752574,0.0,0.16679490689487717,0.0,0.09142903867484117,0.09142903867484117,0.038942445875752574,0.0,1338720707.8189638,0.0,3143047248.765687,34376903600.0,0.0,0.0,0.0,0.0,537344641.7263936,0.9686579068054364
11-3131,Training and Development Managers,People,42310.0,140890.62632947293,5961082400.0,rated,direct,12,0,0.0,0.0,0.20908506208386557,0.0,0.0,0.0,0.0,0.0,0.0,0.0,0.0,5961082400.000001,0.0,0.0,0.0,0.3777,0.0,
11-9013,"Farmers, Ranchers, and Other Agricultural Managers",Operations,4570.0,101263.34792122539,462773500.0,partly,direct,30,0,0.0,0.0,0.150049128405857,0.0,0.03465780297261159,0.0,0.0,0.03465780297261159,0.0,0.0,16038712.78394587,462773499.9999999,0.0,20510547.15219932,0.0,0.0,0.0,
11-9021,Construction Managers,Operations,346570.0,119567.28857085148,41438435200.0,rated,direct,25,0,0.0,0.0,0.16872237002665166,0.0,0.0367495132527218,0.0,0.0367495132527218,0.0,0.0,0.0,1522842323.5544536,41438435200.0,0.0,0.0,0.0,0.1186,0.0,
11-9031,"Education and Childcare Administrators, Preschool and Daycare",Education,71110.0,62641.38377162143,4454428800.0,rated,direct,17,0,0.0,0.0,0.12478992121888668,0.0,0.08178924904524042,0.08178924904524042,0.0,0.0,0.0,0.0,364324386.47749144,4454428799.999999,0.0,0.0,0.0,0.0395,0.0,
11-9032,"Education Administrators, Kindergarten through Secondary",Education,319310.0,113359.73505370956,36196897000.0,rated,direct,32,0,0.0,0.0,0.25018596897695056,0.0,0.0321082940806711,0.0321082940806711,0.0,0.0,0.0,0.0,1162220613.6837614,36196897000.0,0.0,0.0,0.0,0.0525,0.0,
11-9033,"Education Administrators, Postsecondary",Education,176080.0,124400.77351203999,21904488200.0,rated,direct,27,1,0.04072492989392564,0.0,0.11954145551229801,0.0,0.05604459533575251,0.05604459533575251,0.04072492989392564,0.0,892058746.3073214,0.0,1227628177.205766,21904488199.999996,0.0,0.0,0.0,0.0644,357995935.67788625,0.9672114392939942
11-9041,Architectural and Engineering Managers,Engineering,207610.0,174859.93786426474,36302671700.0,rated,direct,37,0,0.0,0.0,0.1539354770348014,0.0,0.0,0.0,0.0,0.0,0.0,0.0,0.0,36302671700.00001,0.0,0.0,0.0,0.0306,0.0,
11-9051,Food Service Managers,Operations,243390.0,72294.7097251325,17595809400.0,rated,direct,28,1,0.0185849143141889,0.0,0.1796253301581821,0.0185849143141889,0.0378001445907548,0.0378001445907548,0.0185849143141889,0.0185849143141889,327016609.98779964,327016609.98779964,338107529.5235629,17595809400.0,0.0,1559131852.9036899,0.0,0.0,131530362.69307946,0.9851038650424758
11-9071,Gambling Managers,Operations,4500.0,102655.62222222223,461950300.0,rated,direct,19,2,0.050249703955115646,0.02316541697438097,0.5395636454743027,0.0,0.19990482235634868,0.19990482235634868,0.10708833903832278,0.0,23212865.81697686,0.0,118602717.18724003,461950300.0000001,0.0,21008479.601527683,0.0,0.0,9306679.506520402,0.9594643936428638
11-9072,"Entertainment and Recreation Managers, Except Gambling",Operations,36100.0,87175.1163434903,3147021700.0,rated,direct,17,1,0.04853756419599314,0.0,0.4215286975283171,0.0,0.04853756419599314,0.04853756419599314,0.04853756419599314,0.0,152748767.78993344,0.0,152748767.78993344,3147021699.9999995,0.0,0.0,0.0,,61251819.84741897,0.9608591889576448
11-9081,Lodging Managers,Operations,39860.0,77441.26191670848,3086808700.0,rated,direct,24,1,0.00753089919593267,0.0,0.2593442200739246,0.00753089919593267,0.00753089919593267,0.00753089919593267,0.00753089919593267,0.00753089919593267,23246445.15682797,23246445.15682797,0.0,3086808700.0,0.0,0.0,0.0,0.1215,9360456.386131952,0.9939773163067354
11-9111,Medical and Health Services Managers,Clinical,564500.0,137643.38901682905,77699693100.0,rated,direct,18,0,0.0,0.0,0.1751217664521421,0.0,0.07659581085562382,0.0,0.07659581085562382,0.0,0.0,0.0,5951470996.227619,77699693100.0,0.0,0.0,0.0,0.0659,0.0,
11-9121,Natural Sciences Managers,Operations,99620.0,173423.82051796827,17276481000.0,rated,direct,70,0,0.0,0.0,0.32005657120790737,0.0,0.08839268674743542,0.08839268674743542,0.0,0.0,0.0,0.0,1527114573.1310198,17276481000.0,0.0,0.0,0.0,0.0613,0.0,
11-9131,Postmasters and Mail Superintendents,Operations,13810.0,93760.0,1294825600.0,rated,direct,13,0,0.0,0.0,0.6658407406299276,0.0,0.1981861783227141,0.1981861783227141,0.0,0.0,0.0,0.0,256616537.25841528,1294825599.9999998,0.0,45762553.46691752,0.0,0.0,0.0,
11-9141,"Property, Real Estate, and Community Association Managers",Operations,292500.0,81276.70153846154,23773435200.0,rated,direct,27,1,0.03986158250692984,0.0,0.1506702831522691,0.0,0.03986158250692984,0.03986158250692984,0.03986158250692984,0.0,947646748.69795,0.0,947646748.69795,23773435199.999996,0.0,0.0,0.0,0.1653,380337409.53269786,0.9679121676447138
11-9151,Social and Community Service Managers,Social services,194700.0,86027.20133538777,16749496100.0,rated,direct,16,0,0.0,0.0,0.11295197500695141,0.0,0.07559070362824065,0.07559070362824065,0.0,0.0,0.0,0.0,1266106195.6174726,16749496100.0,0.0,0.0,0.0,0.1808,0.0,
11-9161,Emergency Management Directors,Operations,12120.0,97117.16171617161,1177060000.0,rated,direct,23,0,0.0,0.0,0.2966259198097442,0.0,0.0,0.0,0.0,0.0,0.0,0.0,0.0,1177060000.0,0.0,0.0,0.0,0.0,0.0,
11-9171,Funeral Home Managers,Operations,13030.0,85720.0,1116931600.0,rated,direct,23,1,0.07302857949891588,0.0,0.394146807739158,0.0,0.07302857949891588,0.07302857949891588,0.07302857949891588,0.0,81567928.1454513,0.0,81567928.1454513,1116931600.0000002,0.0,75112705.86718668,0.0,0.0108,32627409.040645745,0.9408146370064626
11-9179,"Personal Service Managers, All Other",Operations,9230.0,68194.51787648971,629435400.0,rated,direct,45,6,0.20433369692143058,0.0855805957258915,0.40811500659887556,0.11895257545542652,0.2127954383385646,0.2127954383385646,0.11895257545542652,0.19064085409539738,128614862.25521943,26448239.99093411,147298703.77841675,629435400.0000001,0.0,9297420.414829612,0.0,0.1244,50760747.955204815,0.8298303573942657
11-9199,"Managers, All Other",Operations,630260.0,149961.74388347665,94514888700.0,rated,direct,137,4,0.02910664888653734,0.0047512840124441505,0.2906202327351034,0.011307751411522269,0.09654443689656109,0.09654443689656109,0.02910664888653734,0.011307751411522269,2751011679.9410553,1068750866.1072952,8056135841.77535,94514888700.0,0.0,423280694.4673384,0.0,0.0686,1105317861.3261046,0.9766207608289744
13-1011,"Agents and Business Managers of Artists, Performers, and Athletes",Sales,13220.0,171659.85627836612,2269343300.0,rated,direct,14,1,0.060888704253624686,0.0,0.2752349358772135,0.024242853531828902,0.13713320171024432,0.13713320171024432,0.024242853531828902,0.060888704253624686,138177373.04364467,0.0,366217669.74402875,2269343300.0,0.0,0.0,0.0,0.118,55339449.551808245,0.9507754915936935
13-1021,"Buyers and Purchasing Agents, Farm Products",Procurement,160423.33333333334,81852.42982109834,13131039633.333334,rated,equal,12,1,0.10996754464255748,0.0,0.3919731554208801,0.0,0.26872870157701406,0.26872870157701406,0.0,0.10996754464255748,1443988187.081775,0.0,3528687231.0219774,13131039633.333338,0.0,0.0,0.0,,575434132.047198,0.9101994503182427
13-1022,"Wholesale and Retail Buyers, Except Farm Products",Procurement,160423.33333333334,81852.42982109834,13131039633.333334,rated,equal,20,1,0.04454301468617687,0.04454301468617687,0.2528321957186611,0.04454301468617687,0.06900249630350136,0.04454301468617687,0.06900249630350136,0.04454301468617687,584896091.2323372,584896091.2323372,321178422.5278759,13131039633.333332,0.0,0.0,772441397.7857412,,234636510.6209518,0.9641095747193739
13-1023,"Purchasing Agents, Except Wholesale, Retail, and Farm Products",Procurement,160423.33333333334,81852.42982109834,13131039633.333334,rated,equal,19,1,0.0716689596098944,0.0,0.46853770193110805,0.0716689596098944,0.21220034251364955,0.21220034251364955,0.0716689596098944,0.0716689596098944,941087949.1172893,941087949.1172893,1845323158.636351,13131039633.333332,0.0,0.0,0.0,,376489866.1611654,0.9419326734527662
13-1031,"Claims Adjusters, Examiners, and Investigators",Claims & underwriting,303890.0,78794.1251768732,23944746700.0,partly,direct,29,4,0.11238145272286856,0.0,0.6706849599197942,0.018339821931758767,0.1774643816090407,0.1774643816090407,0.11238145272286856,0.018339821931758767,2690945419.2271132,439142390.6790683,3810197275.2215495,23944746700.000004,0.0,0.0,0.0,0.0818,1072087070.8345569,0.908182561374251
13-1032,"Insurance Appraisers, Auto Damage",Claims & underwriting,7480.0,77221.564171123,577617300.0,rated,direct,7,0,0.0,0.0,0.8217691348043082,0.0,0.17593746030727314,0.17593746030727314,0.0,0.0,0.0,0.0,101624520.79154429,577617300.0,0.0,0.0,0.0,0.0,0.0,
13-1041,Compliance Officers,Legal & compliance,396690.0,85022.91537472585,33727740300.0,partly,direct,146,5,0.03131886883970189,0.0,0.5318520984515298,0.007677451654033923,0.1214315236887974,0.1214315236887974,0.039846824111997414,0.007677451654033923,1056314674.7152277,258943095.55306157,4124296460.3699946,33727740300.0,0.0,465040182.03839076,0.0,0.1211,424317538.6932175,0.9748325626045102
13-1051,Cost Estimators,Finance,216540.0,82968.24050983653,17965942800.0,rated,direct,14,2,0.0785052499836908,0.0,0.14862453246315968,0.0,0.14862453246315968,0.14862453246315968,0.0785052499836908,0.0,1410420830.7066898,0.0,2670179848.90987,17965942800.0,0.0,0.0,0.0,0.0,563858865.9206637,0.9363047833359364
13-1071,Human Resources Specialists,People,915020.0,79752.61786627615,72975240400.0,rated,direct,26,3,0.12386461185777259,0.09619747921653965,0.772452908611552,0.040498668375837675,0.4367470862990148,0.4367470862990148,0.12386461185777259,0.040498668375837675,9039049827.373646,2955400060.6066318,28916323556.06352,72975240400.0,0.0,0.0,0.0,0.4034,3596992167.676113,0.8985605023391487
13-1074,Farm Labor Contractors,Operations,350.0,55250.0,19337500.0,rated,direct,7,1,0.17501024464852874,0.0,0.17501024464852874,0.0,0.17501024464852874,0.17501024464852874,0.17501024464852874,0.0,3384260.6058909246,0.0,3384260.6058909246,19337500.0,0.0,0.0,0.0,0.0,1339703.206379808,0.8551435943352803
13-1075,Labor Relations Specialists,People,62440.0,97051.44298526585,6059892100.0,rated,direct,28,1,0.03100133218046908,0.0,0.5306693196698545,0.03100133218046908,0.09595254189287267,0.09595254189287267,0.03100133218046908,0.03100133218046908,187864727.96990034,187864727.96990034,393597322.62163776,6059892099.999999,0.0,0.0,0.0,0.0,75466959.75996743,0.9750893348189775
13-1081,Logisticians,Supply chain,234230.0,87475.54583102079,20489397100.0,rated,direct,83,10,0.12090862451796466,0.025601187788998385,0.38129741631998626,0.045304608165282596,0.15009117991296247,0.15009117991296247,0.12378036017411892,0.045304608165282596,2477344820.563374,729770522.7231859,2602840980.3814106,20489397099.999996,0.0,288513898.76897395,0.0,0.1571,986129873.9315065,0.9010417682989511
13-1082,Project Management Specialists,Operations,1005460.0,108134.80118552702,108725217200.0,equal,direct,20,2,0.1,0.0,0.45,0.0,0.15000000000000002,0.15000000000000002,0.0,0.1,10872521720.0,0.0,16308782580.000002,108725217200.00003,0.0,0.0,0.0,,4337135797.200413,0.9185064145497246
13-1111,Management Analysts,Strategy,888200.0,114209.05246566089,101440480400.0,rated,direct,11,0,0.0,0.0,0.38474251036264384,0.0,0.0,0.0,0.0,0.0,0.0,0.0,0.0,101440480400.0,0.0,0.0,0.0,0.2435,0.0,
13-1121,"Meeting, Convention, and Event Planners",Operations,132280.0,64986.697913516786,8596440400.0,rated,direct,21,0,0.0,0.0,0.3668723603251625,0.0,0.0927870040795437,0.0927870040795437,0.0,0.0,0.0,0.0,797637950.4643543,8596440400.0,0.0,0.0,0.0,0.1023,0.0,
13-1131,Fundraisers,Marketing,99240.0,72963.13381700926,7240861400.0,rated,direct,28,1,0.02529731564622985,0.0,0.40031304584099825,0.02529731564622985,0.11511829848765329,0.11511829848765329,0.02529731564622985,0.05993414148620082,183174356.3864018,0.0,1267530455.5824974,7240861400.0,0.0,0.0,0.0,0.0466,73625210.68999289,0.9796961946938931
13-1141,"Compensation, Benefits, and Job Analysis Specialists",People,97720.0,83293.20405239459,8139411900.0,rated,direct,22,0,0.0,0.0,0.3083899196376309,0.0,0.06459534742501222,0.06459534742501222,0.0,0.0,0.0,0.0,525768139.5157788,8139411900.0,0.0,0.0,0.0,0.0649,0.0,
13-1151,Training and Development Specialists,People,435790.0,73811.76621767365,32166429600.0,rated,direct,20,1,0.032138860407691774,0.032138860407691774,0.5093626509909872,0.032138860407691774,0.05977804191258866,0.032138860407691774,0.05977804191258866,0.032138860407691774,1033792390.7282448,1033792390.7282448,889053786.0788879,32166429599.999992,0.0,0.0,0.0,0.2793,415236010.8829093,0.9741693332856712
13-1161,Market Research Analysts and Marketing Specialists,Marketing,856110.0,86612.53460419805,74149857000.0,rated,direct,49,2,0.03773452354978028,0.0,0.319262387128553,0.012881998783540155,0.04626749082799396,0.04626749082799396,0.012881998783540155,0.03773452354978028,2798009525.1793404,955198367.6736765,2475529460.970887,74149857000.0,0.0,0.0,0.0,0.6483,1123220919.4858844,0.9696375282693761
13-1199,"Business Operations Specialists, All Other",Operations,1126390.0,92397.84568399933,104076009400.0,rated,direct,92,10,0.09765856614609306,0.0388925608261155,0.3668458082482832,0.07915118616696001,0.12088095303516869,0.12088095303516869,0.09765856614609306,0.07915118616696001,10163913848.211302,7680431529.606227,5457683740.690402,104076009400.00003,0.0,656084473.3484166,0.0,0.1846,4055432556.769909,0.9204528318564319
13-2011,Accountants and Auditors,Finance,1447820.0,93516.4045944938,135394920900.0,partly,direct,29,2,0.0905873084042998,0.0,0.49387730780066397,0.0,0.12733258294296332,0.12733258294296332,0.0905873084042998,0.0,12265061455.944077,0.0,17240184995.555206,135394920900.00003,0.0,0.0,0.0,0.3478,4897317688.937385,0.9263197626591936
13-2022,Appraisers of Personal and Business Property,Finance,28290.0,74634.79674796748,2111418400.0,rated,equal,14,1,0.08019046472641037,0.08019046472641037,0.6422657873628911,0.08019046472641037,0.1741156255735734,0.1741156255735734,0.08019046472641037,0.08019046472641037,169315622.7278938,169315622.7278938,198315312.83565962,2111418400.0,0.0,0.0,0.0,,67677515.53445053,0.934915030392109
13-2023,Appraisers and Assessors of Real Estate,Finance,28290.0,74634.79674796748,2111418400.0,rated,equal,28,4,0.20060811059357925,0.0,0.6451261752151372,0.17119042933175269,0.3069275654628024,0.3069275654628024,0.20060811059357925,0.17119042933175269,423567655.8965182,361454622.3949623,286597886.7904033,2111418400.0,0.0,0.0,0.0,,167234563.06931373,0.8330637259620184
13-2031,Budget Analysts,Finance,46000.0,93991.93043478261,4323628800.0,rated,direct,13,0,0.0,0.0,0.37877704978373855,0.0,0.09852027745746605,0.09852027745746605,0.05042197027941596,0.0,0.0,0.0,643970991.851918,4323628800.0,0.0,0.0,0.0,0.0672,0.0,
13-2041,Credit Analysts,Finance,65970.0,98574.07761103532,6502931900.0,rated,direct,11,2,0.18642349474696923,0.16105398029344964,0.6616025581147219,0.0,0.18642349474696923,0.18642349474696923,0.18642349474696923,0.0,1212299290.8995485,0.0,1212299290.8995485,6502931900.0,0.0,0.0,0.0,0.1685,479342615.40699476,0.8453281380331085
13-2051,Financial and Investment Analysts,Finance,338010.0,116502.89547646519,39379143700.0,equal,direct,26,0,0.0,0.0,0.2692307692307693,0.0,0.038461538461538464,0.038461538461538464,0.0,0.0,0.0,0.0,1514582450.0,39379143700.0,0.0,0.0,0.0,0.5716,0.0,
13-2052,Personal Financial Advisors,Finance,268680.0,160446.56543099598,43108783200.0,rated,direct,21,0,0.0,0.0,0.5896983570479137,0.0,0.02217057164001264,0.02217057164001264,0.0,0.0,0.0,0.0,955746366.2493733,43108783199.99999,0.0,0.0,0.0,0.3504,0.0,
13-2053,Insurance Underwriters,Claims & underwriting,107340.0,90836.9237935532,9750435400.0,rated,direct,7,0,0.0,0.0,0.32251101395698234,0.0,0.0,0.0,0.0,0.0,0.0,0.0,0.0,9750435400.0,0.0,0.0,0.0,0.0625,0.0,
13-2054,Financial Risk Specialists,Finance,54050.0,120868.39407955596,6532936700.0,equal,direct,30,0,0.0,0.0,0.3333333333333333,0.0,0.16666666666666669,0.16666666666666669,0.0,0.0,0.0,0.0,1088822783.3333335,6532936700.0,0.0,0.0,0.0,0.2649,0.0,
13-2061,Financial Examiners,Finance,61150.0,104438.15699100573,6386393300.0,rated,direct,17,0,0.0,0.0,0.3004875236353798,0.0,0.0,0.0,0.0,0.0,0.0,0.0,0.0,6386393300.0,0.0,0.0,0.0,0.0428,0.0,
13-2071,Credit Counselors,Finance,26370.0,55894.47478194918,1473937300.0,rated,direct,23,4,0.18485597699271816,0.16813427246489437,0.6961335098627313,0.04921247961872606,0.2649135555079062,0.2649135555079062,0.18485597699271816,0.04921247961872606,272466119.6175091,72536109.33553012,317929861.4031933,1473937300.0,0.0,0.0,0.0,0.2341,107750324.124709,0.8466789894148802
13-2072,Loan Officers,Finance,284300.0,86231.3756595146,24515580100.0,partly,direct,30,5,0.15764437822579788,0.030461078252940577,0.6223959138074595,0.06239823719388489,0.28028140735311763,0.28028140735311763,0.15764437822579788,0.06239823719388489,3864743381.709244,735607284.1047708,6929775706.322026,24515580100.0,0.0,0.0,0.0,0.1857,1532633075.6104345,0.8699888922740325
13-2081,"Tax Examiners and Collectors, and Revenue Agents",Finance,53530.0,67566.45992901176,3616832600.0,rated,direct,21,3,0.17006209545095047,0.02451474469481676,0.7235176315156145,0.0,0.28407541525844315,0.28407541525844315,0.17006209545095047,0.0,615086130.8513093,0.0,1027453222.7652746,3616832600.0,0.0,0.0,0.0,0.0275,243613332.0285601,0.8593845031736425
13-2082,Tax Preparers,Finance,72950.0,58638.404386566144,4277671600.0,rated,direct,12,2,0.11427721470928598,0.0,0.3525317275361843,0.043148171626477584,0.2587776720154637,0.11427721470928598,0.2587776720154637,0.043148171626477584,488840395.8890149,0.0,1291539606.653173,4277671600.0,0.0,0.0,0.0,0.1283,194719011.45168093,0.906597190431913
13-2099,"Financial Specialists, All Other",Finance,125220.0,94013.18639195016,11772331200.0,rated,direct,44,1,0.04756690048370067,0.0,0.45350416704263974,0.0,0.15668174819125202,0.15668174819125202,0.04756690048370067,0.0,559973306.6515645,0.0,1844509432.7024198,11772331200.0,0.0,0.0,0.0,0.2202,224569763.09715918,0.9616495089549449
15-1211,Computer Systems Analysts,IT & software,496710.0,111965.98961164462,55614626700.0,rated,direct,39,1,0.02797687252980697,0.0,0.3670423555629325,0.0,0.12164484389885782,0.12164484389885782,0.07674009337096394,0.0,1555923321.9786992,0.0,9477180907.185356,55614626700.0,0.0,0.0,0.0,0.2763,625219502.3711286,0.977533371710864
15-1212,Information Security Analysts,IT & software,177360.0,127886.69936851601,22681985000.0,rated,direct,11,0,0.0,0.0,0.5008225537900753,0.0,0.10682364533733528,0.10682364533733528,0.0,0.0,0.0,0.0,2422972321.1867585,22681985000.0,0.0,0.0,0.0,0.4859,0.0,
15-1221,Computer and Information Research Scientists,IT & software,36900.0,150750.0027100271,5562675100.0,rated,direct,15,0,0.0,0.0,0.07414773979868548,0.0,0.0,0.0,0.0,0.0,0.0,0.0,0.0,5562675100.0,0.0,0.0,0.0,0.3404,0.0,
15-1231,Computer Network Support Specialists,IT & software,144160.0,79619.05660377358,11477883200.0,rated,direct,26,2,0.03901599262425346,0.0,0.6363264976110944,0.030967675351883273,0.14826737954362548,0.14826737954362548,0.030967675351883273,0.07024608600933624,447821006.2732427,0.0,2415694389.6353106,11477883200.0,0.0,854459422.4983362,0.0,0.2867,179748043.65803984,0.9685982450857031
15-1232,Computer User Support Specialists,IT & software,696250.0,65001.65357271095,45257401300.0,rated,direct,16,1,0.050261360850957025,0.050261360850957025,0.6132259591437741,0.050261360850957025,0.18111848586619306,0.14917433733222743,0.18111848586619306,0.050261360850957025,2274698577.9158716,2274698577.9158716,10398797690.169123,45257401300.0,0.0,6369393476.383823,0.0,0.4685,911988455.816838,0.9594548940162057
15-1241,Computer Network Architects,IT & software,175620.0,135968.5445848992,23878795800.0,rated,direct,59,2,0.03628365362829107,0.0,0.43166401451119585,0.028972001785628834,0.0886879408249526,0.0886879408249526,0.03628365362829107,0.028972001785628834,866409955.8678916,0.0,2809577743.4377933,23878795799.999996,0.0,763403695.1295165,0.0,0.1987,347858920.09844875,0.9708135445425342
15-1242,Database Administrators,IT & software,71350.0,108076.58864751227,7711264600.0,rated,direct,18,3,0.23381031979841982,0.0,0.7781534986559215,0.0,0.25797185174891824,0.25797185174891824,0.23381031979841982,0.0,1802973242.1762338,0.0,1989289208.1878812,7711264599.999999,0.0,0.0,0.0,0.3315,709426457.0907569,0.804068534607702
15-1243,Database Architects,IT & software,63030.0,142988.15960653656,9012543700.0,rated,direct,43,8,0.17069448905258264,0.0,0.6351687530728686,0.0,0.3067741497214776,0.3067741497214776,0.22518617809528796,0.0,1538391541.9355726,0.0,3255924159.1793528,9012543700.0,0.0,0.0,0.0,0.5787,609261659.9470137,0.8588429858575507
15-1244,Network and Computer Systems Administrators,IT & software,317150.0,101182.46034999212,32090017300.0,rated,direct,20,1,0.03723798833454818,0.03723798833454818,0.23799193819581385,0.0,0.10766286815059632,0.10766286815059632,0.03723798833454818,0.0,1194967689.8728492,0.0,3454903301.520255,32090017300.0,0.0,3907841718.696924,0.0,0.3373,479726781.31502414,0.9700400775357951
15-1251,Computer Programmers,IT & software,107730.0,103164.92527615334,11113957400.0,rated,direct,17,2,0.13810271390575635,0.0,0.9263985343266422,0.03149197579951243,0.19509743306315974,0.19509743306315974,0.03149197579951243,0.13810271390575635,1534867679.1729636,0.0,2518305037.390921,11113957400.0,0.0,0.0,0.0,0.7451,609896838.5721623,0.8865664013708605
15-1252,Software Developers,IT & software,1652060.0,144624.26703630618,238927966600.0,rated,direct,17,1,0.0751441102779684,0.0,0.40162448663008576,0.0,0.1523129287505766,0.1523129287505766,0.0751441102779684,0.0,17954029470.68115,0.0,36391818353.265945,238927966600.0,0.0,0.0,0.0,0.288,7180122208.2286,0.9390737665600013
15-1253,Software Quality Assurance Analysts and Testers,IT & software,197970.0,110306.85861494165,21837448800.0,partly,direct,30,4,0.13862253722318557,0.0,0.8212782721972449,0.0758730778502899,0.2842331620187395,0.2842331620187395,0.1512368181810951,0.0758730778502899,3027162559.137409,619801070.3860579,6899663149.495499,21837448800.0,0.0,0.0,0.0,0.5195,1202813018.2396016,0.8861271655006855
15-1254,Web Developers,IT & software,76210.0,99509.81892140138,7583643300.0,partly,direct,29,2,0.03206870312033897,0.0,0.6983741387513992,0.004560487950853685,0.24678006726222518,0.24678006726222518,0.004560487950853685,0.02750821516948529,243197605.55824775,0.0,1871492003.6667233,7583643300.0,0.0,0.0,0.0,0.4802,97684139.04735306,0.9742260868514624
15-1255,Web and Digital Interface Designers,IT & software,109370.0,112293.18643137973,12281505800.0,partly,direct,54,5,0.08333333333333334,0.016666666666666666,0.5841214201074068,0.016666666666666666,0.11666666666666667,0.11666666666666667,0.08333333333333334,0.016666666666666666,1023458816.6666667,204691763.33333334,1228150580.0,12281505800.0,0.0,0.0,0.0,0.249,408958367.85897297,0.932320623716247
15-1299,"Computer Occupations, All Other",IT & software,433970.0,116626.00640597276,50612188000.0,partly,direct,215,10,0.04979894139841752,0.01278434993375319,0.4744647985426964,0.02008752972586711,0.13325255427096094,0.13325255427096094,0.0656430337696847,0.02008752972586711,2520433384.2576904,1016673830.9411746,6529433679.084845,50612188000.0,0.0,1502932779.0650969,0.0,0.3106,1010557529.6699759,0.9598317018056657
15-2011,Actuaries,Data & analytics,27930.0,134408.4246330111,3754027300.0,rated,direct,15,0,0.0,0.0,0.011438571796054337,0.0,0.0,0.0,0.0,0.0,0.0,0.0,0.0,3754027299.999999,0.0,0.0,0.0,0.0539,0.0,
15-2021,Mathematicians,Data & analytics,2070.0,122563.52657004831,253706500.0,rated,direct,12,1,0.10516667485621188,0.0,0.10516667485621188,0.0,0.10516667485621188,0.10516667485621188,0.10516667485621188,0.0,26681468.99440752,0.0,26681468.99440752,253706500.0,0.0,0.0,0.0,0.4241,10637854.894526584,0.9142047564966895
15-2031,Operations Research Analysts,Data & analytics,105670.0,99024.46200435318,10463914900.0,rated,direct,17,0,0.0,0.0,0.555553618109998,0.0,0.0,0.0,0.0,0.0,0.0,0.0,0.0,10463914900.0,0.0,0.0,0.0,0.4288,0.0,
15-2041,Statisticians,Data & analytics,28450.0,111854.33743409491,3182255900.0,rated,direct,44,1,0.035924461337141576,0.0,0.5191312685137663,0.0,0.1452733402307962,0.1452733402307962,0.035924461337141576,0.0,114320829.04444067,0.0,462296944.0621585,3182255900.0,0.0,0.0,0.0,0.2107,45900862.706041396,0.9711045842806848
15-2051,Data Scientists,Data & analytics,231780.0,124706.41944947795,28904453900.0,partly,direct,54,6,0.1339278989731909,0.0,0.6720986340246237,0.057733829529300076,0.25454779384143106,0.18268681842140455,0.25454779384143106,0.057733829529300076,3871112781.794454,1137372500.0330203,8160934725.875125,28904453900.000008,0.0,0.0,0.0,0.4605,1538886033.7299256,0.8900905715916342
15-2099,"Mathematical Science Occupations, All Other",Data & analytics,3800.0,80419.02631578948,305592300.0,rated,direct,19,2,0.1446295845384029,0.07188258681775389,0.7637033987666013,0.07188258681775389,0.3950038959548545,0.17614551163069486,0.3950038959548545,0.07188258681775389,44197687.387134984,21966765.03558709,108374408.6849834,305592300.0,0.0,0.0,0.0,0.4793,17550734.647938803,0.8810445066266261
17-1011,"Architects, Except Landscape and Naval",Engineering,109590.0,102929.08659549229,11279998600.0,rated,direct,24,1,0.0068308228833021695,0.0,0.5551795382324518,0.0,0.0068308228833021695,0.0068308228833021695,0.0068308228833021695,0.0,77051672.56049643,0.0,77051672.56049643,11279998600.0,0.0,0.0,0.0,0.0784,31027958.08366163,0.994537959734064
17-1012,Landscape Architects,Engineering,18910.0,87874.653622422,1661709700.0,rated,direct,19,0,0.0,0.0,0.4002312670435311,0.0,0.0,0.0,0.0,0.0,0.0,0.0,0.0,1661709700.0000005,0.0,0.0,0.0,0.0,0.0,
17-1021,Cartographers and Photogrammetrists,Engineering,11750.0,83343.27659574468,979283500.0,rated,direct,14,1,0.056415538580380516,0.0,0.6043654500322143,0.0,0.12904105312132988,0.12904105312132988,0.056415538580380516,0.0,55246806.075380065,0.0,126367774.14434186,979283500.0,0.0,0.0,0.0,0.08,22136142.937485497,0.9544333294925856
17-1022,Surveyors,Engineering,52310.0,76632.08564328044,4008624400.0,rated,direct,40,2,0.06855619945254103,0.0,0.4624115474970701,0.0318766591278757,0.24440392298552177,0.24440392298552177,0.08329714985517378,0.0318766591278757,274816053.8967226,0.0,1166596016.1691523,4008624400.0,0.0,0.0,0.0,0.0022,109977118.14258017,0.9444900053780352
17-2011,Aerospace Engineers,Engineering,67530.0,141474.38471790316,9553765200.0,partly,direct,16,1,0.04984722610392141,0.04984722610392141,0.10442841602944275,0.0,0.04984722610392141,0.04984722610392141,0.04984722610392141,0.0,476228694.0681759,0.0,476228694.0681759,9553765200.0,0.0,0.0,0.0,0.0753,190941027.390563,0.959792359776463
17-2021,Agricultural Engineers,Engineering,820.0,96516.70731707317,79143700.0,rated,direct,14,0,0.0,0.0,0.4209966347212421,0.0,0.0,0.0,0.0,0.0,0.0,0.0,0.0,79143699.99999999,0.0,0.0,0.0,0.0,0.0,
17-2031,Bioengineers and Biomedical Engineers,Engineering,21180.0,115097.58262511804,2437766800.0,rated,direct,30,1,0.06062780377978225,0.0,0.1359266975268328,0.0,0.06062780377978225,0.06062780377978225,0.0,0.06062780377978225,147796447.21126768,0.0,147796447.21126768,2437766800.0,0.0,0.0,0.0,0.1328,59193413.17577396,0.9509890208191492
17-2041,Chemical Engineers,Engineering,17770.0,124776.98368036016,2217287000.0,rated,direct,14,0,0.0,0.0,0.23603412920267827,0.0,0.0,0.0,0.0,0.0,0.0,0.0,0.0,2217287000.0,0.0,235848995.1475746,0.0,0.0,0.0,
17-2051,Civil Engineers,Engineering,351490.0,107090.10099860594,37641099600.0,rated,direct,70,0,0.0,0.0,0.13998577306186497,0.0,0.004107081998998709,0.004107081998998709,0.0,0.0,0.0,0.0,154595082.58967748,37641099600.0,0.0,0.0,0.0,0.0081,0.0,
17-2061,Computer Hardware Engineers,Engineering,74800.0,157057.64572192513,11747911900.0,rated,direct,18,1,0.07222759509297091,0.0,0.25481491012975044,0.07222759509297091,0.07222759509297091,0.07222759509297091,0.07222759509297091,0.07222759509297091,848523423.9010946,848523423.9010946,0.0,11747911900.0,0.0,0.0,0.0,0.1453,339439434.1712922,0.9414733740930339
17-2071,Electrical Engineers,Engineering,186220.0,120408.33530233058,22422440200.0,rated,direct,22,0,0.0,0.0,0.39299762400511096,0.0,0.10798228481209597,0.10798228481209597,0.0,0.0,0.0,0.0,2421226323.85859,22422440199.999996,0.0,0.0,0.0,0.059,0.0,
17-2072,"Electronics Engineers, Except Computer",Engineering,90750.0,132711.33553719008,12043553700.0,rated,direct,41,2,0.06629293286728813,0.0,0.5282025422737191,0.0,0.08940928645047028,0.08940928645047028,0.06629293286728813,0.0,798402496.9176795,0.0,1076805542.644921,12043553700.0,0.0,671240153.9359345,0.0,0.0999,319581640.11666703,0.9463473825455923
17-2081,Environmental Engineers,Engineering,35820.0,110457.28084868788,3956579800.0,rated,direct,29,0,0.0,0.0,0.22823934424728892,0.0,0.033560138263285334,0.033560138263285334,0.0,0.0,0.0,0.0,132783365.13772184,3956579800.000001,0.0,0.0,0.0,0.0358,0.0,
17-2111,"Health and Safety Engineers, Except Mining Safety Engineers and Inspectors",Engineering,21910.0,115028.31127339114,2520270300.0,partly,direct,41,0,0.0,0.0,0.1739819442633132,0.0,0.01117162659688014,0.01117162659688014,0.0,0.0,0.0,0.0,28155518.71480709,2520270300.0,0.0,0.0,0.0,0.0,0.0,
17-2112,Industrial Engineers,Engineering,339880.0,107805.41926562316,36640905900.0,rated,direct,91,1,0.009547380323789649,0.0,0.3377914386383414,0.009547380323789649,0.036827703389971926,0.036827703389971926,0.009547380323789649,0.009547380323789649,349824664.03548807,349824664.03548807,999575750.3895843,36640905900.0,0.0,230844522.02668107,0.0,0.0367,140832406.16666394,0.9923615683546582
17-2121,Marine Engineers and Naval Architects,Engineering,7900.0,115989.0,916313100.0,rated,direct,30,0,0.0,0.0,0.27820075223477647,0.0,0.09725292530780422,0.09725292530780422,0.0,0.0,0.0,0.0,89114129.47286254,916313100.0,0.0,0.0,0.0,0.0358,0.0,
17-2131,Materials Engineers,Engineering,22080.0,116803.88134057971,2579029700.0,rated,direct,21,1,0.03281856132900762,0.0,0.1847784638154086,0.0,0.03281856132900762,0.03281856132900762,0.03281856132900762,0.0,84640044.37878212,0.0,84640044.37878212,2579029700.0,0.0,101674427.27459055,0.0,0.0,33994427.03864816,0.9736194072644351
17-2141,Mechanical Engineers,Engineering,284660.0,110031.89278437434,31321678600.0,rated,direct,79,1,0.009610281659808593,0.0,0.19949570575690098,0.0,0.039620948556229336,0.039620948556229336,0.009610281659808593,0.0,301010153.40399927,0.0,1240994616.5053494,31321678600.0,0.0,678207723.8170675,0.0,0.0813,121179892.82783434,0.9923111461779839
17-2151,"Mining and Geological Engineers, Including Mining Safety Engineers",Engineering,6320.0,108173.18037974683,683654500.0,rated,direct,18,0,0.0,0.0,0.17597885202530156,0.0,0.07501944448849873,0.07501944448849873,0.0,0.0,0.0,0.0,51287380.81206235,683654500.0,0.0,0.0,0.0,0.0,0.0,
17-2161,Nuclear Engineers,Engineering,12650.0,134817.976284585,1705447400.0,rated,direct,20,0,0.0,0.0,0.13207523307981534,0.0,0.0,0.0,0.0,0.0,0.0,0.0,0.0,1705447400.0,0.0,0.0,0.0,0.0,0.0,
17-2171,Petroleum Engineers,Engineering,18110.0,153879.2435118719,2786753100.0,rated,direct,23,0,0.0,0.0,0.2762558612178272,0.0,0.07669036841864903,0.07669036841864903,0.0,0.0,0.0,0.0,213717121.93081227,2786753099.9999995,0.0,0.0,0.0,0.0,0.0,
17-2199,"Engineers, All Other",Engineering,148790.0,120815.27656428523,17976105000.0,partly,direct,179,6,0.05029930033868419,0.0,0.26963556911257525,0.004297836625180874,0.09862512155700687,0.09862512155700687,0.056855846580606405,0.004297836625180874,904185504.3147225,77258362.44709703,1813498341.981571,17976105000.000004,0.0,312058438.1770074,0.0,0.0659,362511139.75806254,0.9594239754412834
17-3011,Architectural and Civil Drafters,Engineering,107760.0,68714.25204157387,7404647800.0,partly,direct,28,1,0.0052575261272825805,0.0,0.7103808297206742,0.0,0.08381209551596296,0.08381209551596296,0.026426416551668427,0.0,38930129.27182548,0.0,777347226.5850346,7404647799.999999,0.0,702436310.3149796,0.0,0.0,15679270.324393045,0.9957973282003347
17-3012,Electrical and Electronics Drafters,Engineering,19090.0,78314.40544787847,1495022000.0,partly,direct,30,2,0.06997624527573211,0.06997624527573211,0.6882629100199488,0.04783130459706531,0.1019253728874582,0.1019253728874582,0.06997624527573211,0.04783130459706531,104616026.16461557,71508852.66131377,80871822.16363977,1495022000.0,0.0,115037445.03369579,0.0,0.0889,41859678.585233144,0.9433237503264845
17-3013,Mechanical Drafters,Engineering,38520.0,74187.86604361371,2857716600.0,rated,direct,15,0,0.0,0.0,0.7845036780180819,0.0,0.12558804540370178,0.12558804540370178,0.0,0.0,0.0,0.0,358895042.1117123,2857716600.0000005,0.0,302581449.84074295,0.0,0.0,0.0,
17-3021,Aerospace Engineering and Operations Technologists and Technicians,Engineering,8590.0,86907.92782305006,746539100.0,rated,direct,11,0,0.0,0.0,0.25894713940371006,0.0,0.0,0.0,0.0,0.0,0.0,0.0,0.0,746539100.0000001,0.0,0.0,0.0,0.0,0.0,
17-3022,Civil Engineering Technologists and Technicians,Engineering,61330.0,68408.11185390511,4195469500.0,rated,direct,14,0,0.0,0.0,0.7045245376747148,0.0,0.23619393730218774,0.23619393730218774,0.0,0.0,0.0,0.0,990944460.0362409,4195469500.0,0.0,0.0,0.0,0.0776,0.0,
17-3023,Electrical and Electronic Engineering Technologists and Technicians,Engineering,91360.0,78572.80757443083,7178411700.0,partly,direct,30,0,0.0,0.0,0.378131244414318,0.0,0.13819898318241,0.13819898318241,0.0,0.0,0.0,0.0,992049197.8047152,7178411700.000002,0.0,634654112.9005768,0.0,0.0202,0.0,
17-3024,Electro-Mechanical and Mechatronics Technologists and Technicians,Engineering,13150.0,76492.13688212927,1005871600.0,partly,direct,50,1,0.011947581308008347,0.0,0.24580672611908513,0.011947581308008347,0.011947581308008347,0.011947581308008347,0.011947581308008347,0.011947581308008347,12017732.726416448,12017732.726416448,0.0,1005871600.0,0.0,134357153.06395942,0.0,0.0,4836927.615437391,0.9904366412139032
17-3025,Environmental Engineering Technologists and Technicians,Engineering,11300.0,62886.9203539823,710622200.0,rated,direct,26,0,0.0,0.0,0.37650142891373495,0.0,0.21702609334293863,0.21702609334293863,0.0,0.0,0.0,0.0,154223559.9087644,710622200.0,0.0,41224799.1468633,0.0,0.1029,0.0,
17-3026,Industrial Engineering Technologists and Technicians,Engineering,72220.0,69810.41401273885,5041708100.0,partly,direct,55,1,0.029165030004277188,0.0,0.2528431639310752,0.0,0.06039337758158725,0.06039337758158725,0.029165030004277188,0.0,147041568.00930732,0.0,304485780.93944687,5041708100.0,0.0,27924352.61151088,0.0,0.0,59078888.671316445,0.9765735903662731
17-3027,Mechanical Engineering Technologists and Technicians,Engineering,35000.0,72608.61142857143,2541301400.0,partly,direct,48,1,0.016962800336811676,0.0,0.42840352758843064,0.0,0.016962800336811676,0.016962800336811676,0.016962800336811676,0.0,43107588.243859984,0.0,43107588.243859984,2541301400.0,0.0,19761863.58110691,0.0,0.0683,17341275.141287617,0.9864084766699698
17-3028,Calibration Technologists and Technicians,Engineering,12960.0,70699.15123456791,916261000.0,equal,direct,15,0,0.0,0.0,0.39999999999999997,0.0,0.06666666666666667,0.06666666666666667,0.0,0.0,0.0,0.0,61084066.666666664,916260999.9999999,0.0,61084066.666666664,0.0,,0.0,
17-3029,"Engineering Technologists and Technicians, Except Drafters, All Other",Engineering,60570.0,79544.1505695889,4817989200.0,rated,direct,40,1,0.056437538664977506,0.0,0.15247664976419364,0.0,0.056437538664977506,0.056437538664977506,0.0,0.056437538664977506,271915451.762444,0.0,271915451.762444,4817989200.0,0.0,329958263.7776064,0.0,0.0,108950115.27390614,0.9544153557022125
17-3031,Surveying and Mapping Technicians,Engineering,52250.0,56811.21148325359,2968385800.0,partly,direct,30,3,0.08598222251892003,0.0,0.6235679536219799,0.0,0.15167314443765934,0.15167314443765934,0.12761296617679,0.0,255228408.37760246,0.0,573800516.5075582,2968385799.9999995,0.0,70549618.700034,0.0,0.0,101957892.35878095,0.9301313954597923
19-1011,Animal Scientists,Research,1870.0,89877.5935828877,168071100.0,rated,direct,9,0,0.0,0.0,0.1447494330627579,0.0,0.0,0.0,0.0,0.0,0.0,0.0,0.0,168071100.0,0.0,0.0,0.0,0.0,0.0,
19-1012,Food Scientists and Technologists,Research,13480.0,92198.18991097923,1242831600.0,rated,direct,13,0,0.0,0.0,0.0,0.0,0.0,0.0,0.0,0.0,0.0,0.0,0.0,1242831600.0,0.0,0.0,0.0,0.0,0.0,
19-1013,Soil and Plant Scientists,Research,15860.0,83102.47162673392,1318005200.0,rated,direct,27,0,0.0,0.0,0.0,0.0,0.0,0.0,0.0,0.0,0.0,0.0,0.0,1318005200.0,0.0,0.0,0.0,0.0513,0.0,
19-1021,Biochemists and Biophysicists,Research,32650.0,115652.01837672282,3776038400.0,rated,direct,24,0,0.0,0.0,0.045758507563596465,0.0,0.0,0.0,0.0,0.0,0.0,0.0,0.0,3776038400.0,0.0,0.0,0.0,0.0756,0.0,
19-1022,Microbiologists,Research,19020.0,94461.82439537329,1796663900.0,rated,direct,14,0,0.0,0.0,0.045476380624454506,0.0,0.0,0.0,0.0,0.0,0.0,0.0,0.0,1796663900.0,0.0,90588541.15402405,0.0,0.0969,0.0,
19-1023,Zoologists and Wildlife Biologists,Research,16440.0,77956.2895377129,1281601400.0,rated,direct,14,0,0.0,0.0,0.29856118347723654,0.0,0.077964285080004,0.077964285080004,0.0,0.0,0.0,0.0,99919136.90853223,1281601400.0,0.0,0.0,0.0,0.0606,0.0,
19-1029,"Biological Scientists, All Other",Research,58490.0,99908.5091468627,5843648700.0,rated,direct,88,4,0.030624799935407357,0.0,0.30046996353647226,0.0,0.11937219345209929,0.036643525331338356,0.11937219345209929,0.0,178960572.33030328,0.0,732740479.9180977,5843648700.0,0.0,228431459.71821895,0.0,0.2452,71892815.45362245,0.9753937702632738
19-1031,Conservation Scientists,Research,25080.0,73906.27192982456,1853569300.0,rated,direct,66,2,0.025344651393565232,0.01063544856907255,0.26110268373429335,0.01063544856907255,0.04853348228209909,0.025344651393565232,0.04853348228209909,0.01063544856907255,46978067.74231473,19713540.959361807,70246631.820831,1853569300.0,0.0,0.0,0.0,0.0,18882302.455519035,0.9796580076833519
19-1032,Foresters,Research,8830.0,74132.37825594564,654588900.0,rated,direct,25,0,0.0,0.0,0.03019495933678085,0.0,0.011557397341314852,0.0,0.0,0.011557397341314852,0.0,0.0,7565344.012514213,654588900.0,0.0,0.0,0.0,0.0,0.0,
19-1041,Epidemiologists,Research,10700.0,91026.16822429906,973980000.0,rated,direct,16,0,0.0,0.0,0.18045928614209733,0.0,0.0,0.0,0.0,0.0,0.0,0.0,0.0,973980000.0,0.0,0.0,0.0,0.0,0.0,
19-1042,"Medical Scientists, Except Epidemiologists",Research,155290.0,112170.50228604546,17418957300.0,rated,direct,14,0,0.0,0.0,0.0,0.0,0.0,0.0,0.0,0.0,0.0,0.0,0.0,17418957300.0,0.0,0.0,0.0,0.0381,0.0,
19-2011,Astronomers,Research,1520.0,135346.90789473685,205727300.0,rated,direct,17,1,0.03255732346288055,0.0,0.10742774273717375,0.0,0.03255732346288055,0.03255732346288055,0.03255732346288055,0.0,6697930.2512450665,0.0,6697930.2512450665,205727300.0,0.0,0.0,0.0,0.3849,2690196.054346994,0.9738307850754648
19-2012,Physicists,Research,20970.0,165879.3705293276,3478490400.0,rated,direct,10,0,0.0,0.0,0.4995900433904017,0.0,0.19649973223009887,0.0,0.0,0.19649973223009887,0.0,0.0,683522432.1649694,3478490400.0,0.0,0.0,0.0,0.2727,0.0,
19-2021,Atmospheric and Space Scientists,Research,8550.0,103154.52631578948,881971200.0,rated,direct,27,1,0.038431621008736844,0.0,0.3146715133271878,0.0,0.09002894236088654,0.09002894236088654,0.038431621008736844,0.0,33895582.89902084,0.0,79402934.32876194,881971200.0,0.0,91343975.61493,0.0,0.038,13605937.91762407,0.9690722429154466
19-2031,Chemists,Research,81420.0,95984.50872021617,7815058700.0,rated,direct,12,0,0.0,0.0,0.22393230237131934,0.0,0.04011463648566193,0.04011463648566193,0.0,0.0,0.0,0.0,313498238.86460966,7815058700.0,0.0,0.0,0.0,0.2614,0.0,
19-2032,Materials Scientists,Research,7480.0,112324.7192513369,840188900.0,rated,direct,16,0,0.0,0.0,0.19224734398311713,0.0,0.0,0.0,0.0,0.0,0.0,0.0,0.0,840188900.0,0.0,0.0,0.0,0.1843,0.0,
19-2041,"Environmental Scientists and Specialists, Including Health",Research,83290.0,88524.48193060391,7373204100.0,rated,direct,97,2,0.007638411377145877,0.0,0.3553506813986538,0.0,0.023114701073203753,0.023114701073203753,0.007638411377145877,0.0,56319566.08345863,0.0,170429408.72322032,7373204100.0,0.0,0.0,0.0,0.0548,22677494.312629733,0.9938912030935709
19-2042,"Geoscientists, Except Hydrologists and Geographers",Research,21920.0,110547.72810218978,2423206200.0,rated,direct,32,1,0.011940873254624491,0.0,0.42366523105884335,0.0,0.011940873254624491,0.011940873254624491,0.011940873254624491,0.0,28935198.104020245,0.0,28935198.104020245,2423206199.9999995,0.0,127514017.72046115,0.0,0.043,11645919.962468904,0.9904420235782067
19-2043,Hydrologists,Research,5620.0,97342.6334519573,547065600.0,rated,direct,25,0,0.0,0.0,0.09809035766637061,0.0,0.025149603908807446,0.025149603908807446,0.0,0.0,0.0,0.0,13758483.15213409,547065600.0,0.0,62370444.71532034,0.0,0.0748,0.0,
19-2099,"Physical Scientists, All Other",Research,21720.0,123525.67219152855,2682977600.0,rated,direct,24,1,0.021221345552532373,0.0,0.42501211282276935,0.0,0.08137944702926275,0.021221345552532373,0.08137944702926275,0.0,56936394.75930398,0.0,218339233.4798985,2682977600.0,0.0,0.0,0.0,0.0379,22894469.754681565,0.9829816450430067
19-3011,Economists,Research,15310.0,130460.58131939909,1997351500.0,rated,direct,34,0,0.0,0.0,0.304808329167653,0.0,0.0,0.0,0.0,0.0,0.0,0.0,0.0,1997351500.0,0.0,0.0,0.0,0.2418,0.0,
19-3022,Survey Researchers,Research,6790.0,73561.9882179676,499485900.0,rated,direct,16,2,0.12282567966083882,0.0,0.6529609728940987,0.0,0.17434281155501447,0.17434281155501447,0.12282567966083882,0.0,61349695.14850578,0.0,87081776.1380868,499485900.0,0.0,0.0,0.0,0.4316,24416035.497611426,0.8994329310001548
19-3032,Industrial-Organizational Psychologists,Research,810.0,136071.4814814815,110217900.0,rated,direct,25,0,0.0,0.0,0.3309163529398894,0.0,0.0,0.0,0.0,0.0,0.0,0.0,0.0,110217900.0,0.0,0.0,0.0,0.1577,0.0,
19-3033,Clinical and Counseling Psychologists,Research,71430.0,106411.14937701247,7600948400.0,rated,direct,30,0,0.0,0.0,0.32514837522360707,0.0,0.02937468297101708,0.02937468297101708,0.0,0.0,0.0,0.0,223275449.5290595,7600948400.0,0.0,0.0,0.0,0.0591,0.0,
19-3034,School Psychologists,Research,61980.0,93321.89093255889,5784090800.0,rated,direct,19,0,0.0,0.0,0.28179518489140465,0.0,0.061026905120327324,0.061026905120327324,0.012179086716097545,0.0,0.0,0.0,423430103.8859402,5784090800.0,0.0,0.0,0.0,0.0467,0.0,
19-3039,"Psychologists, All Other",Research,15450.0,115157.37216828478,1779181400.0,rated,direct,32,0,0.0,0.0,0.2838476203484017,0.0,0.021716474661751015,0.021716474661751015,0.0,0.0,0.0,0.0,38637547.791758694,1779181400.0,0.0,0.0,0.0,0.0,0.0,
19-3041,Sociologists,Research,2750.0,110561.63636363637,304044500.0,rated,direct,15,0,0.0,0.0,0.20273335231416395,0.0,0.0,0.0,0.0,0.0,0.0,0.0,0.0,304044500.0,0.0,0.0,0.0,0.3833,0.0,
19-3051,Urban and Regional Planners,Research,42140.0,89588.95111532985,3775278400.0,partly,direct,25,2,0.07778953033703194,0.03889476516851597,0.4883192692691228,0.03889476516851597,0.07778953033703194,0.07778953033703194,0.07778953033703194,0.03889476516851597,293677133.6275414,146838566.8137707,146838566.8137707,3775278400.0,0.0,0.0,0.0,0.0959,117414949.35011101,0.9368947287158306
19-3091,Anthropologists and Archeologists,Research,7910.0,71301.66877370416,563996200.0,rated,direct,30,0,0.0,0.0,0.11144277974690986,0.0,0.0,0.0,0.0,0.0,0.0,0.0,0.0,563996200.0000001,0.0,0.0,0.0,0.1354,0.0,
19-3092,Geographers,Research,1250.0,99094.0,123867500.0,rated,direct,12,1,0.08844995277275987,0.0,0.4714682766078256,0.0,0.08844995277275987,0.08844995277275987,0.08844995277275987,0.0,10956074.525079833,0.0,10956074.525079833,123867500.00000003,0.0,0.0,0.0,0.1096,4375602.789506674,0.9280897489722763
19-3093,Historians,Research,2640.0,80193.0303030303,211709600.0,rated,direct,21,0,0.0,0.0,0.4329836079736951,0.0,0.0,0.0,0.0,0.0,0.0,0.0,0.0,211709600.0,0.0,0.0,0.0,0.028,0.0,
19-3094,Political Scientists,Research,5560.0,140136.94244604316,779161400.0,rated,direct,14,0,0.0,0.0,0.17216332948792376,0.0,0.0,0.0,0.0,0.0,0.0,0.0,0.0,779161400.0000001,0.0,0.0,0.0,0.452,0.0,
19-3099,"Social Scientists and Related Workers, All Other",Research,35580.0,107095.40191118605,3810454400.0,rated,direct,22,0,0.0,0.0,0.4357884159898681,0.0,0.05439385843148414,0.05439385843148414,0.0,0.0,0.0,0.0,207265317.19322586,3810454400.000001,0.0,0.0,0.0,0.0327,0.0,
19-4012,Agricultural Technicians,Research,9640.0,47939.30497925311,462134900.0,rated,direct,48,1,0.040319774255016906,0.0,0.29485754929641506,0.0,0.15410128927870814,0.05897290777119614,0.15410128927870814,0.0,18633174.843364812,0.0,79835847.902873,462134899.99999994,0.0,48303405.44973475,0.0,0.0058,7478066.080473829,0.9675403109290859
19-4013,Food Science Technicians,Research,13240.0,54150.61933534743,716954200.0,rated,direct,16,2,0.18669264479065892,0.0,0.32304250581794586,0.0,0.25063644406187363,0.23017215483939962,0.25063644406187363,0.0,133850075.79177104,0.0,210867668.5866122,716954200.0,0.0,57776470.42990841,0.0,0.2038,52922799.59827532,0.8450961014179608
19-4021,Biological Technicians,Research,73500.0,58217.55238095238,4278990100.0,rated,direct,17,1,0.08487425637294355,0.08487425637294355,0.2777970225874603,0.0,0.20991994308600895,0.20991994308600895,0.08487425637294355,0.0,363176102.76468736,0.0,898245358.2575958,4278990100.0,0.0,0.0,0.0,0.0599,145096854.34513,0.9310473858247399
19-4031,Chemical Technicians,Research,54200.0,61115.9963099631,3312487000.0,rated,direct,16,0,0.0,0.0,0.26385730362795834,0.0,0.0,0.0,0.0,0.0,0.0,0.0,0.0,3312487000.0,0.0,0.0,0.0,0.3148,0.0,
19-4042,"Environmental Science and Protection Technicians, Including Health",Research,32530.0,59981.95204426683,1951212900.0,rated,direct,25,1,0.03978628902089658,0.0,0.2736090810739611,0.0,0.0952495147270104,0.0952495147270104,0.03978628902089658,0.0,77631520.38070178,0.0,185852081.85408267,1951212900.0,0.0,75916005.37292582,0.0,0.1444,31157597.770902462,0.96797326729287
19-4043,"Geological Technicians, Except Hydrologic Technicians",Research,9230.0,57906.65222101842,534478400.0,partly,direct,29,2,0.11679154867085251,0.0,0.34000960868598573,0.03198023913771316,0.14637541168005688,0.14637541168005688,0.03198023913771316,0.08481130953313935,62422560.067119375,0.0,78234495.83409812,534478399.9999999,0.0,22830917.996822745,0.0,0.229,24858306.76514037,0.9044926122553042
19-4044,Hydrologic Technicians,Research,2480.0,65370.72580645161,162119400.0,equal,direct,16,2,0.125,0.0,0.1875,0.0625,0.125,0.125,0.0625,0.0625,20264925.0,0.0,20264925.0,162119400.0,0.0,0.0,0.0,,8063273.793412869,0.8976066476801651
19-4051,Nuclear Technicians,Research,5450.0,101781.83486238532,554711000.0,partly,direct,34,1,0.024271222054707057,0.0,0.0495219301465044,0.024271222054707057,0.024271222054707057,0.024271222054707057,0.024271222054707057,0.024271222054707057,13463513.857188607,13463513.857188607,0.0,554711000.0,0.0,0.0,0.0,0.0,5412093.659052579,0.980523791865456
19-4061,Social Science Research Assistants,Research,30740.0,62534.30709173715,1922304600.0,rated,direct,22,2,0.15579607232704706,0.0,0.7005066852290963,0.15579607232704706,0.2282226215441834,0.19892249948864046,0.2282226215441834,0.15579607232704706,299487506.4962153,299487506.4962153,222128018.03652358,1922304600.0,0.0,42893302.309188224,0.0,0.4393,118789595.98667638,0.8715626107476098
19-4071,Forest and Conservation Technicians,Research,30850.0,56649.95786061588,1747651200.0,rated,direct,20,1,0.057620584667832035,0.0,0.1370325995447156,0.0,0.1370325995447156,0.1370325995447156,0.057620584667832035,0.0,100700683.93943825,0.0,239485187.0334417,1747651200.0,0.0,0.0,0.0,0.0221,40343555.26512411,0.953448584679003
19-4092,Forensic Science Technicians,Research,18850.0,73858.27055702917,1392228400.0,rated,direct,24,0,0.0,0.0,0.17676438192589727,0.0,0.0,0.0,0.0,0.0,0.0,0.0,0.0,1392228400.0,0.0,0.0,0.0,0.0,0.0,
19-4099,"Life, Physical, and Social Science Technicians, All Other",Research,69230.0,64770.58356203958,4484067500.0,partly,direct,47,1,0.017649899169092542,0.0,0.49984324626697035,0.008283315177853804,0.11853057584447396,0.11853057584447396,0.008283315177853804,0.017649899169092542,79143339.24240488,0.0,568642047.2817616,4484067500.0,0.0,86078569.35146187,0.0,0.0955,31835491.486512568,0.9858559707036528
19-5011,Occupational Health and Safety Specialists,Research,125840.0,88939.88874761602,11192195600.0,rated,direct,22,0,0.0,0.0,0.1828937421705581,0.0,0.07247593144845425,0.07247593144845425,0.0,0.0,0.0,0.0,811164801.0632913,11192195600.0,0.0,0.0,0.0,0.0,0.0,
19-5012,Occupational Health and Safety Technicians,Research,29560.0,64384.82408660352,1903215400.0,rated,direct,26,1,0.04400716306147932,0.0,0.2759397472762888,0.0,0.2431165899405594,0.2431165899405594,0.04400716306147932,0.0,83755110.44891858,0.0,462703237.9703577,1903215400.0,0.0,0.0,0.0,0.0,33600964.01302144,0.9645451984145984
21-1012,"Educational, Guidance, and Career Counselors and Advisors",Social services,337640.0,71726.65353631087,24217787300.0,rated,direct,35,1,0.054708986608104776,0.0,0.4342291017228455,0.0,0.1419491118692311,0.1419491118692311,0.0,0.07576341531278849,1324930601.0736299,0.0,3947585074.765989,24217787299.999996,0.0,0.0,0.0,0.1182,530961449.6505721,0.9558270698434636
21-1013,Marriage and Family Therapists,Social services,64730.0,72842.91364127916,4715121800.0,rated,direct,15,0,0.0,0.0,0.5400780235178707,0.0,0.0,0.0,0.0,0.0,0.0,0.0,0.0,4715121800.0,0.0,0.0,0.0,0.0,0.0,
21-1015,Rehabilitation Counselors,Social services,87800.0,51025.715261959,4480057800.0,rated,direct,17,0,0.0,0.0,0.35865810527607045,0.0,0.0,0.0,0.0,0.0,0.0,0.0,0.0,4480057800.0,0.0,0.0,0.0,0.0,0.0,
21-1021,"Child, Family, and School Social Workers",Social services,382490.0,62922.843734476715,24067358500.0,rated,direct,21,2,0.07324673759094898,0.0,0.366191307559026,0.014220059564874451,0.07324673759094898,0.07324673759094898,0.07324673759094898,0.014220059564874451,1762855492.5567954,342239271.4391874,1420616221.1176078,24067358499.999996,0.0,0.0,0.0,0.0074,705131723.6567723,0.9406351843527262
21-1022,Healthcare Social Workers,Social services,184640.0,72129.7746967071,13318041600.0,rated,direct,17,0,0.0,0.0,0.2858390231531085,0.0,0.0,0.0,0.0,0.0,0.0,0.0,0.0,13318041600.0,0.0,0.0,0.0,0.0916,0.0,
21-1023,Mental Health and Substance Abuse Social Workers,Social services,125330.0,68272.98412191814,8556653100.0,rated,direct,13,0,0.0,0.0,0.2226846244533161,0.0,0.0,0.0,0.0,0.0,0.0,0.0,0.0,8556653100.0,0.0,0.0,0.0,0.0,0.0,
21-1091,Health Education Specialists,Social services,55380.0,73388.55904658722,4064258400.0,rated,direct,16,1,0.1162641702995497,0.0,0.2922135106211043,0.0,0.21286107179688138,0.21286107179688138,0.0,0.1162641702995497,472527630.7589754,0.0,865122399.0834782,4064258400.0,0.0,0.0,0.0,0.1376,188183058.89361835,0.9049342258304134
21-1092,Probation Officers and Correctional Treatment Specialists,Social services,86730.0,71514.85760405858,6202483600.0,rated,direct,21,0,0.0,0.0,0.3594167806205957,0.0,0.12736971005079423,0.12736971005079423,0.0,0.0,0.0,0.0,790008537.7268064,6202483599.999999,0.0,0.0,0.0,0.0,0.0,
21-1093,Social and Human Service Assistants,Social services,419600.0,47022.10271687321,19730474300.0,rated,direct,19,1,0.00885651053502459,0.00885651053502459,0.4913088076309987,0.0,0.1261675816110841,0.1261675816110841,0.0,0.00885651053502459,174743153.49898192,0.0,2489346226.4706473,19730474300.000004,0.0,0.0,0.0,0.0,70352996.1067458,0.9929152904341397
21-1094,Community Health Workers,Social services,59340.0,55942.01550387597,3319599200.0,rated,direct,28,0,0.0,0.0,0.26533028535142944,0.0,0.0,0.0,0.0,0.0,0.0,0.0,0.0,3319599200.000001,0.0,116127771.14194816,0.0,0.0,0.0,
21-2011,Clergy,Social services,57270.0,67173.90780513358,3847049700.0,rated,direct,21,1,0.09201822925826239,0.0,0.23906544667527546,0.0,0.09201822925826239,0.09201822925826239,0.0,0.09201822925826239,353998701.26252955,0.0,353998701.26252955,3847049700.0,0.0,0.0,0.0,0.1116,141327615.4333411,0.9251339208749381
21-2021,"Directors, Religious Activities and Education",Social services,20700.0,64283.40096618357,1330666400.0,rated,direct,19,0,0.0,0.0,0.2016069487198807,0.0,0.2016069487198807,0.2016069487198807,0.0,0.0,0.0,0.0,268271592.66806826,1330666400.0,0.0,0.0,0.0,0.153,0.0,
23-1011,Lawyers,Legal & compliance,737720.0,183176.14392994632,135132704900.0,rated,direct,22,0,0.0,0.0,0.08566694309929293,0.0,0.0,0.0,0.0,0.0,0.0,0.0,0.0,135132704899.99998,0.0,0.0,0.0,0.1673,0.0,
23-1012,Judicial Law Clerks,Legal & compliance,13170.0,69788.08656036446,919109100.0,rated,direct,18,1,0.040693570478153133,0.0,0.32719772569141514,0.0,0.06534784869267025,0.06534784869267025,0.040693570478153133,0.0,37401830.9379619,0.0,60061802.398856334,919109100.0,0.0,0.0,0.0,0.1704,15009937.398444325,0.9672368961912949
23-1021,"Administrative Law Judges, Adjudicators, and Hearing Officers",Legal & compliance,16110.0,122855.8348851645,1979207500.0,rated,direct,14,3,0.15533372925522151,0.04250605715938282,0.4225457146023575,0.04250605715938282,0.15533372925522151,0.15533372925522151,0.15533372925522151,0.04250605715938282,307437681.94490385,84128307.12527917,223309374.81962466,1979207499.9999998,0.0,0.0,0.0,0.3048,121948747.05213222,0.8719560781657636
23-1022,"Arbitrators, Mediators, and Conciliators",Legal & compliance,7530.0,83523.82470119522,628934400.0,rated,direct,20,1,0.05064804485068766,0.05064804485068766,0.514275344717826,0.05064804485068766,0.15543075434247955,0.15543075434247955,0.05064804485068766,0.05064804485068766,31854297.699340336,31854297.699340336,65901450.524594426,628934400.0,0.0,0.0,0.0,0.2426,12770753.28245914,0.9591397456660518
23-1023,"Judges, Magistrate Judges, and Magistrates",Legal & compliance,25580.0,143107.26739640345,3660683900.0,rated,direct,21,0,0.0,0.0,0.24843926650978257,0.0,0.0,0.0,0.0,0.0,0.0,0.0,0.0,3660683900.0,0.0,0.0,0.0,0.3109,0.0,
23-2011,Paralegals and Legal Assistants,Legal & compliance,365060.0,66264.8394784419,24190642300.0,rated,direct,12,0,0.0,0.0,0.4305057990691479,0.0,0.009044190239033826,0.0,0.009044190239033826,0.0,0.0,0.0,218784770.9656188,24190642299.999996,0.0,168245459.47771424,0.0,0.2927,0.0,
23-2093,"Title Examiners, Abstractors, and Searchers",Legal & compliance,47290.0,59923.8443645591,2833798600.0,rated,direct,16,1,0.02251982392849633,0.02251982392849633,0.9017037394491378,0.02251982392849633,0.19838907690218266,0.19838907690218266,0.02251982392849633,0.02251982392849633,63816645.520819396,63816645.520819396,498378042.8598782,2833798600.0,0.0,0.0,0.0,0.0216,25657696.382081084,0.9819355902711174
25-1011,"Business Teachers, Postsecondary",Education,81630.0,113797.77287761852,9289312200.0,rated,direct,25,2,0.10615824679093326,0.10615824679093326,0.38749248924789303,0.062955259237267,0.10615824679093326,0.10615824679093326,0.10615824679093326,0.062955259237267,986137097.0456272,584811057.686907,401326039.3587202,9289312200.0,0.0,0.0,0.0,0.3072,393131435.5808209,0.9133781491236921
25-1021,"Computer Science Teachers, Postsecondary",Education,36190.0,105829.04669798286,3829953200.0,rated,direct,26,1,0.06354655103188665,0.06354655103188665,0.40068772493434646,0.06354655103188665,0.06354655103188665,0.06354655103188665,0.06354655103188665,0.06354655103188665,243380316.4735376,243380316.4735376,0.0,3829953199.9999995,0.0,207316900.85498217,0.0,0.2414,97446520.39499317,0.9485989296419054
25-1022,"Mathematical Science Teachers, Postsecondary",Education,48750.0,92825.68615384615,4525252200.0,rated,direct,23,1,0.10808502892035993,0.0,0.464635605065286,0.10808502892035993,0.10808502892035993,0.10808502892035993,0.10808502892035993,0.10808502892035993,489112014.9089224,489112014.9089224,0.0,4525252200.000001,0.0,0.0,0.0,0.4305,194950156.14219037,0.9117709539098302
25-1031,"Architecture Teachers, Postsecondary",Education,9100.0,110314.06593406593,1003858000.0,rated,direct,22,1,0.07312012546286777,0.07312012546286777,0.3994621079709248,0.07312012546286777,0.07312012546286777,0.07312012546286777,0.07312012546286777,0.07312012546286777,73402222.9069035,73402222.9069035,0.0,1003857999.9999999,0.0,0.0,0.0,0.0,29360830.350902386,0.9407393350056839
25-1032,"Engineering Teachers, Postsecondary",Education,39890.0,119314.67034344448,4759462200.0,rated,direct,24,1,0.04143468821236768,0.04143468821236768,0.3654874680428288,0.04143468821236768,0.04646903888983095,0.04646903888983095,0.04143468821236768,0.04143468821236768,197206832.31554955,197206832.31554955,23960801.750930812,4759462199.999999,0.0,0.0,0.0,0.3589,79136240.67720142,0.9666351860412591
25-1041,"Agricultural Sciences Teachers, Postsecondary",Education,8430.0,97605.44483985765,822813900.0,rated,direct,23,1,0.05122152742395298,0.05122152742395298,0.33422769302584054,0.05122152742395298,0.05122152742395298,0.05122152742395298,0.05122152742395298,0.05122152742395298,42145784.743659705,42145784.743659705,0.0,822813900.0,0.0,0.0,0.0,0.0,16895747.2776406,0.958672264685195
25-1042,"Biological Science Teachers, Postsecondary",Education,53080.0,101333.23662396382,5378768200.0,rated,direct,27,1,0.06221860486652757,0.0,0.20149249346163708,0.06221860486652757,0.06221860486652757,0.06221860486652757,0.06221860486652757,0.06221860486652757,334659453.3044437,334659453.3044437,0.0,5378768199.999999,0.0,84327082.27634189,0.0,0.2914,134011618.40236087,0.9496867054438796
25-1043,"Forestry and Conservation Science Teachers, Postsecondary",Education,1310.0,104146.79389312977,136432300.0,rated,direct,25,1,0.0692223061088419,0.0,0.2910084837410661,0.0692223061088419,0.0692223061088419,0.0692223061088419,0.0692223061088419,0.0692223061088419,9444158.433733352,9444158.433733352,0.0,136432300.0,0.0,0.0,0.0,0.0206,3779150.20072081,0.9439430296661835
25-1051,"Atmospheric, Earth, Marine, and Space Sciences Teachers, Postsecondary",Education,11420.0,112661.24343257443,1286591400.0,rated,direct,26,1,0.09015482397968402,0.0,0.5226986145422925,0.09015482397968402,0.10323917725755302,0.10323917725755302,0.09015482397968402,0.09015482397968402,115992421.20077524,115992421.20077524,16834216.40186806,1286591399.9999998,0.0,0.0,0.0,0.0396,46316662.637939766,0.9266780368345255
25-1052,"Chemistry Teachers, Postsecondary",Education,20360.0,102956.5815324165,2096196000.0,rated,direct,28,1,0.056511246690198316,0.056511246690198316,0.4141024840202924,0.056511246690198316,0.07204493414475721,0.056511246690198316,0.056511246690198316,0.07204493414475721,118458649.26700695,118458649.26700695,32561653.507496532,2096196000.0,0.0,0.0,0.0,0.2185,47463235.455171496,0.9543551360048859
25-1053,"Environmental Science Teachers, Postsecondary",Education,7100.0,100207.23943661971,711471400.0,rated,direct,25,1,0.07074574954561118,0.07074574954561118,0.37352286565999676,0.07074574954561118,0.07074574954561118,0.07074574954561118,0.07074574954561118,0.07074574954561118,50333577.47326535,50333577.47326535,0.0,711471399.9999999,0.0,0.0,0.0,0.0232,20138242.288330313,0.9426914891240123
25-1054,"Physics Teachers, Postsecondary",Education,13570.0,105195.45320560058,1427502300.0,rated,direct,24,1,0.062445208732295414,0.062445208732295414,0.30120735714517965,0.0,0.062445208732295414,0.062445208732295414,0.062445208732295414,0.0,89140679.08933179,0.0,89140679.08933179,1427502300.0,0.0,33538287.21689923,0.0,0.0,35694829.85012528,0.9495011265299304
25-1061,"Anthropology and Archeology Teachers, Postsecondary",Education,5230.0,102773.86233269598,537507300.0,rated,direct,27,1,0.05834224107474058,0.05834224107474058,0.45090914090137485,0.05834224107474058,0.05834224107474058,0.05834224107474058,0.05834224107474058,0.05834224107474058,31359380.476032905,31359380.476032905,0.0,537507300.0,0.0,0.0,0.0,0.0236,12562540.145376684,0.9528586266968269
25-1062,"Area, Ethnic, and Cultural Studies Teachers, Postsecondary",Education,11390.0,97452.82704126427,1109987700.0,rated,direct,23,1,0.05858515169820783,0.0,0.5181575865264809,0.05858515169820783,0.05858515169820783,0.05858515169820783,0.05858515169820783,0.05858515169820783,65028797.7876448,65028797.7876448,0.0,1109987700.0000002,0.0,0.0,0.0,0.0,26049837.75113381,0.9526600069055641
25-1063,"Economics Teachers, Postsecondary",Education,12420.0,133168.23671497585,1653949500.0,rated,direct,22,1,0.04517635873653619,0.04517635873653619,0.25769343366665587,0.04517635873653619,0.04517635873653619,0.04517635873653619,0.04517635873653619,0.04517635873653619,74719415.94411467,74719415.94411467,0.0,1653949500.0,0.0,0.0,0.0,0.0,29972468.004032373,0.9635945715829385
25-1064,"Geography Teachers, Postsecondary",Education,3290.0,99017.9331306991,325769000.0,rated,direct,25,1,0.07025221957337908,0.0,0.5489034387737577,0.0,0.1029147074522285,0.1029147074522285,0.07025221957337908,0.0,22885995.31820013,0.0,33526421.332005028,325769000.00000006,0.0,2726610.408144962,0.0,0.0,9157044.28525227,0.94309701962697
25-1065,"Political Science Teachers, Postsecondary",Education,17160.0,105169.69114219114,1804711900.0,rated,direct,22,1,0.062397617673746124,0.062397617673746124,0.4595894605003755,0.062397617673746124,0.062397617673746124,0.062397617673746124,0.062397617673746124,0.062397617673746124,112609723.14745995,112609723.14745995,0.0,1804711899.9999998,0.0,0.0,0.0,0.0,45092816.67848837,0.9495401030034147
25-1066,"Psychology Teachers, Postsecondary",Education,41560.0,93512.24254090471,3886368800.0,rated,direct,29,1,0.039712536162699916,0.039712536162699916,0.41179278297127603,0.0,0.039712536162699916,0.039712536162699916,0.039712536162699916,0.0,154337561.51158866,0.0,154337561.51158866,3886368799.9999995,0.0,0.0,0.0,0.3219,61944214.30916289,0.9680331149305201
25-1067,"Sociology Teachers, Postsecondary",Education,12360.0,97298.01779935275,1202603500.0,rated,direct,24,1,0.07226718852674403,0.07226718852674403,0.3446338653628913,0.07226718852674403,0.07226718852674403,0.07226718852674403,0.07226718852674403,0.07226718852674403,86908773.85742222,86908773.85742222,0.0,1202603500.0,0.0,0.0,0.0,0.0,34766449.1763433,0.9414408171508968
25-1071,"Health Specialties Teachers, Postsecondary",Education,226920.0,136236.78873611847,30914852100.0,rated,direct,22,1,0.07047009910194564,0.07047009910194564,0.26904523207462305,0.07047009910194564,0.07047009910194564,0.07047009910194564,0.07047009910194564,0.07047009910194564,2178572691.2089925,2178572691.2089925,0.0,30914852100.0,0.0,0.0,0.0,0.3045,871661701.1756657,0.9429179994623624
25-1072,"Nursing Instructors and Teachers, Postsecondary",Education,74020.0,87053.86652256147,6443727200.0,rated,direct,29,1,0.04890999998449139,0.04890999998449139,0.27749207238381607,0.0,0.04890999998449139,0.04890999998449139,0.04890999998449139,0.0,315162697.25206673,0.0,315162697.25206673,6443727199.999999,0.0,0.0,0.0,0.1909,126374576.89687952,0.960555866711756
25-1081,"Education Teachers, Postsecondary",Education,59050.0,78489.53259949195,4634806900.0,rated,direct,24,1,0.057968608849941504,0.057968608849941504,0.3427108131786585,0.057968608849941504,0.057968608849941504,0.057968608849941504,0.057968608849941504,0.057968608849941504,268673308.2811099,268673308.2811099,0.0,4634806900.0,0.0,0.0,0.0,0.2621,107634365.40562297,0.9531640947154089
25-1082,"Library Science Teachers, Postsecondary",Education,4090.0,84315.81907090465,344851700.0,rated,direct,25,1,0.04787087764105806,0.04787087764105806,0.3428916107418706,0.0,0.04787087764105806,0.04787087764105806,0.04787087764105806,0.0,16508353.535010861,0.0,16508353.535010861,344851699.99999994,0.0,0.0,0.0,0.018,6620249.435086588,0.9614020425684384
25-1111,"Criminal Justice and Law Enforcement Teachers, Postsecondary",Education,13330.0,85257.68942235559,1136485000.0,rated,direct,23,1,0.09074236510126178,0.09074236510126178,0.36809364895703656,0.09074236510126178,0.09074236510126178,0.09074236510126178,0.09074236510126178,0.09074236510126178,103127336.8021075,103127336.8021075,0.0,1136484999.9999998,0.0,0.0,0.0,0.0,41177076.09484095,0.9261912967402178
25-1112,"Law Teachers, Postsecondary",Education,22800.0,139962.5394736842,3191145900.0,rated,direct,23,1,0.07435958850702887,0.07435958850702887,0.5252893461929747,0.07435958850702887,0.07435958850702887,0.07435958850702887,0.07435958850702887,0.07435958850702887,237292295.9898923,237292295.9898923,0.0,3191145899.9999995,0.0,0.0,0.0,0.0,94904788.46117598,0.9397195253514284
25-1113,"Social Work Teachers, Postsecondary",Education,13320.0,81870.6006006006,1090516400.0,rated,direct,24,1,0.0472951248200784,0.0472951248200784,0.42743125556279227,0.0472951248200784,0.0472951248200784,0.0472951248200784,0.0472951248200784,0.0472951248200784,51576109.256342545,51576109.256342545,0.0,1090516400.0,0.0,0.0,0.0,0.0,20684473.963761292,0.9618707343423845
25-1121,"Art, Drama, and Music Teachers, Postsecondary",Education,97730.0,102189.853678502,9987014400.0,rated,direct,28,2,0.09650049692464872,0.06891587328430705,0.4062956156150792,0.06891587328430705,0.09650049692464872,0.06891587328430705,0.09650049692464872,0.09650049692464872,963751852.3936225,688263818.8789499,275488033.5146727,9987014400.000002,0.0,0.0,0.0,0.2142,384585230.56879985,0.9214148343131661
25-1122,"Communications Teachers, Postsecondary",Education,29230.0,90353.51351351352,2641033200.0,rated,direct,22,1,0.08554325722467715,0.08554325722467715,0.32022120280193966,0.08554325722467715,0.08554325722467715,0.08554325722467715,0.08554325722467715,0.08554325722467715,225922582.3665122,225922582.3665122,0.0,2641033200.0,0.0,0.0,0.0,0.2111,90254913.32040966,0.9304943516120475
25-1123,"English Language and Literature Teachers, Postsecondary",Education,59560.0,90399.65413028878,5384203400.0,rated,direct,33,1,0.06798300491969325,0.06798300491969325,0.29694133070260853,0.06798300491969325,0.06798300491969325,0.06798300491969325,0.06798300491969325,0.06798300491969325,366034326.2308291,366034326.2308291,0.0,5384203399.999999,0.0,0.0,0.0,0.3618,146489771.8723706,0.9449605668277966
25-1124,"Foreign Language and Literature Teachers, Postsecondary",Education,21070.0,87767.00047460845,1849250700.0,rated,direct,24,1,0.09737162248804217,0.0,0.510484688537828,0.09737162248804217,0.15432962828140617,0.15432962828140617,0.09737162248804217,0.09737162248804217,180064541.04614773,180064541.04614773,105329632.08398247,1849250700.0,0.0,0.0,0.0,0.2403,71848397.3735808,0.9206912372284215
25-1125,"History Teachers, Postsecondary",Education,19810.0,93764.8864209995,1857482400.0,rated,direct,25,1,0.06358519516462592,0.0,0.4841403534369285,0.06358519516462592,0.06358519516462592,0.06358519516462592,0.06358519516462592,0.06358519516462592,118108380.91885775,118108380.91885775,0.0,1857482400.0,0.0,0.0,0.0,0.0994,47288974.80960394,0.9485672658002031
25-1126,"Philosophy and Religion Teachers, Postsecondary",Education,20810.0,88199.12542047093,1835423800.0,rated,direct,22,1,0.07219217967569322,0.07219217967569322,0.27034965358709134,0.07219217967569322,0.07219217967569322,0.07219217967569322,0.07219217967569322,0.07219217967569322,132503244.75064361,132503244.75064361,0.0,1835423799.9999995,0.0,0.0,0.0,0.2197,53006183.21468155,0.9415024950835204
25-1192,"Family and Consumer Sciences Teachers, Postsecondary",Education,2620.0,84388.16793893129,221097000.0,rated,direct,23,1,0.07407333063447184,0.07407333063447184,0.3717068298234164,0.07407333063447184,0.07407333063447184,0.07407333063447184,0.07407333063447184,0.07407333063447184,16377391.18328982,16377391.18328982,0.0,221097000.00000006,0.0,0.0,0.0,0.0,6550309.611044237,0.9399550995053405
25-1193,"Recreation and Fitness Studies Teachers, Postsecondary",Education,12530.0,87930.47885075818,1101768900.0,rated,direct,23,1,0.07842928711558407,0.07842928711558407,0.5425940139004088,0.07842928711558407,0.07842928711558407,0.07842928711558407,0.07842928711558407,0.07842928711558407,86410949.39312123,86410949.39312123,0.0,1101768900.0,0.0,0.0,0.0,0.1138,34545686.43890841,0.9363674053592177
25-1194,"Career/Technical Education Teachers, Postsecondary",Education,110640.0,68731.81670281995,7604488200.0,rated,direct,20,1,0.056015534018001495,0.0,0.2609322200423684,0.056015534018001495,0.0707364496035202,0.0707364496035202,0.056015534018001495,0.056015534018001495,425969467.45659095,425969467.45659095,111945028.86327311,7604488200.0,0.0,0.0,0.0,0.1563,170683227.42569175,0.9547601000480407
25-2011,"Preschool Teachers, Except Special Education",Education,442740.0,41438.68184487509,18346562000.0,rated,direct,34,0,0.0,0.0,0.26697046288786896,0.0,0.01411338709158395,0.01411338709158395,0.0,0.0,0.0,0.0,258932131.30574462,18346562000.0,0.0,0.0,0.0,0.0,0.0,
25-2012,"Kindergarten Teachers, Except Special Education",Education,113940.0,67052.26786027734,7639935400.0,rated,direct,37,1,0.020182737017824165,0.0,0.18804756013488655,0.0,0.1189189267760708,0.1189189267760708,0.020182737017824165,0.0,154194807.01136526,0.0,908532918.4065112,7639935400.0,0.0,422457656.7815103,0.0,0.0,62009168.69313984,0.9838179529523319
25-2021,"Elementary School Teachers, Except Special Education",Education,1392840.0,69785.40909221447,97199909200.0,rated,direct,38,0,0.0,0.0,0.274150882647878,0.0,0.05940362634565544,0.05940362634565544,0.0,0.0,0.0,0.0,5774027086.948437,97199909200.0,0.0,0.0,0.0,0.103,0.0,
25-2022,"Middle School Teachers, Except Special and Career/Technical Education",Education,619750.0,70068.58620411456,43425006300.0,rated,direct,35,1,0.03845018434925831,0.0,0.33356392932356344,0.0,0.07794806570416515,0.07794806570416515,0.03845018434925831,0.0,1669699497.6027033,0.0,3384895244.2761855,43425006300.00001,0.0,0.0,0.0,0.2972,670228481.4890834,0.9690571874747645
25-2023,"Career/Technical Education Teachers, Middle School",Education,14190.0,68700.0,974853000.0,rated,direct,31,0,0.0,0.0,0.3269967211313228,0.0,0.08539521317729884,0.08539521317729884,0.0,0.0,0.0,0.0,83247779.7515293,974853000.0,0.0,0.0,0.0,0.0,0.0,
25-2031,"Secondary School Teachers, Except Special and Career/Technical Education",Education,1071590.0,73714.85465523195,78992101100.0,rated,direct,32,0,0.0,0.0,0.3408639352026817,0.0,0.037887434910216775,0.026466411800089656,0.037887434910216775,0.0,0.0,0.0,5083445565.514428,78992101100.0,0.0,0.0,0.0,0.2901,0.0,
25-2032,"Career/Technical Education Teachers, Secondary School",Education,104100.0,70600.18924111432,7349479700.0,rated,direct,33,2,0.05159930130459185,0.0,0.3561782208117642,0.016586842458367272,0.06591877729445664,0.06591877729445664,0.03501245884622458,0.016586842458367272,379228017.47228134,0.0,484468715.57443,7349479700.000002,0.0,0.0,0.0,0.0,152022216.9214974,0.9583642582763908
25-2051,"Special Education Teachers, Preschool",Education,28100.0,72620.62277580072,2040639500.0,rated,direct,36,0,0.0,0.0,0.23285245939109558,0.0,0.04079973418070926,0.04079973418070926,0.0,0.0,0.0,0.0,83257549.15865545,2040639500.0000005,0.0,32477479.364489734,0.0,0.0058,0.0,
25-2057,"Special Education Teachers, Middle School",Education,95020.0,72287.34897916229,6868743900.0,rated,direct,40,0,0.0,0.0,0.2176991966202434,0.0,0.07706370132617811,0.07706370132617811,0.0,0.0,0.0,0.0,529330828.3956078,6868743900.0,0.0,0.0,0.0,0.134,0.0,
25-2058,"Special Education Teachers, Secondary School",Education,162550.0,74644.86988618887,12133523600.0,rated,direct,40,0,0.0,0.0,0.30934808770141864,0.0,0.05456559333813652,0.05456559333813652,0.022273599267845848,0.0,0.0,0.0,932330156.8896327,12133523600.0,0.0,0.0,0.0,0.0989,0.0,
25-2059,"Special Education Teachers, All Other",Education,38910.0,74288.50424055512,2890565700.0,rated,direct,20,1,0.00729357336800453,0.0,0.16997546965324536,0.0,0.05756903556563119,0.05756903556563119,0.0,0.00729357336800453,21082553.007987373,0.0,166407079.5880936,2890565700.0,0.0,70276014.69068655,0.0,0.0257,8489342.709365875,0.994167392141393
25-3011,"Adult Basic Education, Adult Secondary Education, and English as a Second Language Instructors",Education,35490.0,64484.218089602706,2288544900.0,rated,direct,37,0,0.0,0.0,0.45114105994022263,0.0,0.08311955895795362,0.08311955895795362,0.0,0.0,0.0,0.0,190222842.74347407,2288544900.0,0.0,0.0,0.0,0.0636,0.0,
25-3021,Self-Enrichment Teachers,Education,305120.0,53366.91793392764,16283314000.0,rated,direct,30,1,0.04746901283640308,0.0,0.48598905701424333,0.04746901283640308,0.05612385278741744,0.05612385278741744,0.04746901283640308,0.04746901283640308,772952841.2851819,772952841.2851819,140929476.54211155,16283314000.0,0.0,0.0,0.0,0.0662,309985412.5020067,0.9617291923174697
25-3031,"Substitute Teachers, Short-Term",Education,481080.0,44931.294379313214,21615547100.0,rated,direct,18,0,0.0,0.0,0.3378679841268217,0.0,0.08097912828541975,0.08097912828541975,0.0,0.0,0.0,0.0,1750408161.570433,21615547099.999996,0.0,3362961691.5601873,0.0,,0.0,
25-3041,Tutors,Education,172900.0,47764.15962984384,8258423200.0,rated,direct,19,3,0.1321840744001173,0.0,0.4524882229638247,0.06178419074596351,0.1321840744001173,0.1321840744001173,0.1321840744001173,0.06178419074596351,1091632026.696455,510239994.24969035,581392032.4467646,8258423200.0,0.0,227184104.4425879,0.0,0.4077,434034482.78090745,0.8915608177213707
25-4011,Archivists,Education,6420.0,66287.77258566978,425567500.0,rated,direct,13,0,0.0,0.0,0.2274838975732154,0.0,0.0,0.0,0.0,0.0,0.0,0.0,0.0,425567500.0,0.0,0.0,0.0,0.1348,0.0,
25-4012,Curators,Education,11590.0,68890.6988783434,798443200.0,rated,direct,15,0,0.0,0.0,0.10400226849703104,0.0,0.10400226849703104,0.10400226849703104,0.0,0.0,0.0,0.0,83039904.06602865,798443200.0,0.0,0.0,0.0,0.4123,0.0,
25-4013,Museum Technicians and Conservators,Education,12510.0,54014.468425259794,675721000.0,rated,direct,24,1,0.09079953836777976,0.0,0.19516827870776715,0.0,0.13676789954964103,0.13676789954964103,0.0,0.09079953836777976,61355154.86541451,0.0,92416941.85158299,675721000.0,0.0,0.0,0.0,0.0,24497977.677218545,0.9261439260926301
25-4022,Librarians and Media Collections Specialists,Education,130730.0,69199.14862694102,9046404700.0,partly,direct,30,0,0.0,0.0,0.504747190131964,0.017279271454894433,0.07548396554589014,0.07548396554589014,0.02069300640287321,0.017279271454894433,0.0,0.0,1026371093.5711938,9046404700.0,0.0,1877897104.843864,0.0,0.2032,0.0,
25-4031,Library Technicians,Education,72880.0,43031.75219538968,3136154100.0,rated,direct,31,6,0.17409134967863288,0.11267830677938584,0.3581420019523249,0.1525234721135904,0.17409134967863288,0.17409134967863288,0.17409134967863288,0.1525234721135904,545977300.0691782,478337112.41527224,67640187.65390599,3136154100.0,0.0,851336649.431035,0.0,0.054,216152522.19560012,0.8559318139920118
25-9021,Farm and Home Management Educators,Education,9140.0,60671.039387308534,554533300.0,rated,direct,15,0,0.0,0.0,0.17416029022893878,0.0,0.0,0.0,0.0,0.0,0.0,0.0,0.0,554533300.0000001,0.0,0.0,0.0,0.0,0.0,
25-9031,Instructional Coordinators,Education,209450.0,77549.40415373597,16242722700.0,partly,direct,30,0,0.0,0.0,0.27794854041306616,0.0,0.0,0.0,0.0,0.0,0.0,0.0,0.0,16242722699.999998,0.0,0.0,0.0,0.3043,0.0,
25-9044,"Teaching Assistants, Postsecondary",Education,154630.0,47567.805729806634,7355409800.0,rated,direct,20,0,0.0,0.0,0.443159637829926,0.0,0.13144011010786838,0.13144011010786838,0.0,0.06497432317797168,0.0,0.0,1444708647.4521143,7355409800.0,0.0,1127405514.5232148,0.0,0.1002,0.0,
27-1011,Art Directors,Creative,48710.0,128546.57975774995,6261503900.0,rated,direct,16,0,0.0,0.0,0.3488322182588835,0.0,0.0,0.0,0.0,0.0,0.0,0.0,0.0,6261503900.0,0.0,0.0,0.0,0.2098,0.0,
27-1012,Craft Artists,Creative,3330.0,46534.59459459459,154960200.0,rated,direct,16,0,0.0,0.0,0.2483407086259018,0.0,0.0,0.0,0.0,0.0,0.0,0.0,0.0,154960200.0,0.0,0.0,0.0,0.0539,0.0,
27-1013,"Fine Artists, Including Painters, Sculptors, and Illustrators",Creative,7750.0,65899.07096774194,510717800.0,rated,direct,28,0,0.0,0.0,0.23361570842267698,0.0,0.0,0.0,0.0,0.0,0.0,0.0,0.0,510717800.0000001,0.0,15323410.043757658,0.0,0.3565,0.0,
27-1014,Special Effects Artists and Animators,Creative,19500.0,110786.62051282052,2160339100.0,rated,direct,13,0,0.0,0.0,0.711457226521296,0.0,0.0,0.0,0.0,0.0,0.0,0.0,0.0,2160339100.0000005,0.0,120487337.38659652,0.0,0.3571,0.0,
27-1021,Commercial and Industrial Designers,Creative,27280.0,88616.45894428152,2417457000.0,rated,direct,17,0,0.0,0.0,0.26368252006880877,0.0,0.0,0.0,0.0,0.0,0.0,0.0,0.0,2417456999.9999995,0.0,0.0,0.0,0.0437,0.0,
27-1022,Fashion Designers,Creative,20140.0,109429.76663356504,2203915500.0,rated,direct,20,0,0.0,0.0,0.27368950782841706,0.0,0.0,0.0,0.0,0.0,0.0,0.0,0.0,2203915499.9999995,0.0,43238092.93668298,0.0,0.0568,0.0,
27-1023,Floral Designers,Creative,38710.0,37587.261689485924,1455002900.0,rated,direct,15,0,0.0,0.0,0.3013107169336594,0.0,0.0,0.0,0.0,0.0,0.0,0.0,0.0,1455002900.0000002,0.0,60579156.3990883,0.0,0.0,0.0,
27-1024,Graphic Designers,Creative,211440.0,68629.52326901248,14511026400.0,rated,direct,19,1,0.06144113335173114,0.06144113335173114,0.8612350484845215,0.0,0.14204543239788736,0.14204543239788736,0.0,0.06144113335173114,891573908.1128911,0.0,2061225019.525159,14511026400.0,0.0,835057453.5391316,0.0,0.3672,357051559.260534,0.9503232910729952
27-1025,Interior Designers,Creative,67550.0,71638.08142116951,4839152400.0,rated,direct,16,0,0.0,0.0,0.6209576986711135,0.0,0.06421802074258309,0.06421802074258309,0.0,0.0,0.0,0.0,310760789.19972074,4839152400.0,0.0,0.0,0.0,0.0,0.0,
27-1026,Merchandise Displayers and Window Trimmers,Creative,185030.0,40600.86256282765,7512377600.0,rated,direct,24,1,0.03652185314179758,0.0,0.29864036979738556,0.0,0.03652185314179758,0.03652185314179758,0.03652185314179758,0.0,274365951.4529298,0.0,274365951.4529298,7512377600.000002,0.0,890912886.818847,0.0,0.0,110153795.29980257,0.9706205172088344
27-1027,Set and Exhibit Designers,Creative,9780.0,79493.40490797546,777445500.0,rated,direct,27,0,0.0,0.0,0.4471646949067792,0.0,0.0,0.0,0.0,0.0,0.0,0.0,0.0,777445500.0,0.0,0.0,0.0,0.0,0.0,
27-2012,Producers and Directors,Creative,142750.0,111199.36742556917,15873709700.0,partly,direct,83,4,0.040409848937309895,0.0,0.36970675964331434,0.018333153800019684,0.05246859393460515,0.05246859393460515,0.040409848937309895,0.018333153800019684,641454211.0517107,110802664.93081221,902281059.9304428,15873709700.0,0.0,277321505.1577634,0.0,0.092,257432955.61445373,0.9674672004767412
27-2021,Athletes and Sports Competitors,Creative,14070.0,264606.3752665245,3723011700.0,rated,direct,9,0,0.0,0.0,0.07168052240701457,0.0,0.0,0.0,0.0,0.0,0.0,0.0,0.0,3723011700.0,0.0,403122430.07383746,0.0,0.0,0.0,
27-2022,Coaches and Scouts,Creative,249960.0,58935.56809089454,14731534600.0,rated,direct,27,0,0.0,0.0,0.08411205080760656,0.0,0.026084026126708237,0.026084026126708237,0.0,0.0,0.0,0.0,384257733.39290637,14731534600.000004,0.0,0.0,0.0,0.0,0.0,
27-2023,"Umpires, Referees, and Other Sports Officials",Creative,14150.0,47682.48056537103,674707100.0,rated,direct,16,3,0.10998470987951796,0.028551655104008877,0.33937791890912505,0.028551655104008877,0.10998470987951796,0.10998470987951796,0.10998470987951796,0.028551655104008877,74207464.6471509,19264004.415426027,54943460.23172488,674707100.0,0.0,45797822.94562424,0.0,0.0,29571871.656236444,0.9101851153567316
27-2032,Choreographers,Creative,3120.0,60521.41025641026,188826800.0,rated,direct,18,0,0.0,0.0,0.14913977018681165,0.0,0.0,0.0,0.0,0.0,0.0,0.0,0.0,188826800.0,0.0,0.0,0.0,0.0801,0.0,
27-2041,Music Directors and Composers,Creative,11660.0,83578.13036020583,974521000.0,partly,direct,30,2,0.06473433226146894,0.023311941443997827,0.6085619599273794,0.023311941443997827,0.06473433226146894,0.06473433226146894,0.06473433226146894,0.023311941443997827,63084966.20977897,22717976.487946205,40366989.72183275,974520999.9999999,0.0,0.0,0.0,0.0368,25255411.780923445,0.9476254690642739
27-3011,Broadcast Announcers and Radio Disc Jockeys,Marketing,23440.0,70141.88566552901,1644125800.0,rated,direct,24,1,0.054659202019519265,0.0,0.671369877668337,0.0,0.054659202019519265,0.054659202019519265,0.054659202019519265,0.0,89866604.24770373,0.0,89866604.24770373,1644125800.0,0.0,67851024.25290687,0.0,0.0634,36013918.81746692,0.9558677143497727
27-3023,"News Analysts, Reporters, and Journalists",Marketing,40480.0,95669.50098814229,3872701400.0,rated,direct,30,0,0.0,0.0,0.7349803945951888,0.0,0.06722456488627732,0.06722456488627732,0.0,0.036851885949608414,0.0,0.0,403057016.85916585,3872701400.0,0.0,89360259.50719458,0.0,0.2098,0.0,
27-3031,Public Relations Specialists,Marketing,278180.0,80454.34718527572,22380790300.0,rated,direct,18,0,0.0,0.0,0.5081900486832137,0.0,0.014261649881686126,0.014261649881686126,0.0,0.0,0.0,0.0,319186995.334037,22380790300.0,0.0,0.0,0.0,0.453,0.0,
27-3041,Editors,Marketing,92580.0,86239.86390149061,7984086600.0,rated,direct,21,1,0.08003917648665065,0.0,0.3856389914091827,0.0,0.18577152399459285,0.18577152399459285,0.0,0.08003917648665065,639039716.4621025,0.0,1483215935.3868072,7984086600.000002,0.0,0.0,0.0,0.246,255435878.65390733,0.9350398330760018
27-3042,Technical Writers,Marketing,46100.0,90637.83514099783,4178404200.0,rated,direct,15,1,0.10421120844766232,0.10421120844766232,0.8076587087934388,0.10421120844766232,0.1509585084833704,0.1509585084833704,0.10421120844766232,0.10421120844766232,435436551.06478775,435436551.06478775,195329114.8078627,4178404199.9999995,0.0,0.0,0.0,0.4747,173624678.89148527,0.9150009459319526
27-3043,Writers and Authors,Marketing,46680.0,83872.88988860325,3915186500.0,partly,direct,36,1,0.029041935705048035,0.029041935705048035,0.7212457082814707,0.0,0.029041935705048035,0.0,0.029041935705048035,0.029041935705048035,113704594.60627206,0.0,113704594.60627206,3915186500.0,0.0,0.0,0.0,0.2462,45685208.10235169,0.9766730461341967
27-3091,Interpreters and Translators,Marketing,49920.0,64090.2483974359,3199385200.0,rated,direct,17,2,0.15756686245145382,0.15756686245145382,0.8324557482111345,0.0,0.15756686245145382,0.15756686245145382,0.15756686245145382,0.0,504117087.7376171,0.0,504117087.7376171,3199385200.0,0.0,0.0,0.0,0.4304,199918229.2871611,0.8700549164947886
27-3092,Court Reporters and Simultaneous Captioners,Marketing,12490.0,74635.06805444356,932192000.0,rated,direct,14,3,0.26382364656965795,0.11220319121964982,0.5712856115275734,0.0,0.3089847743430478,0.3089847743430478,0.26382364656965795,0.0,245934292.7430626,0.0,288033134.7643944,932192000.0,0.0,0.0,0.0,0.3431,96469559.314006,0.7775055848292389
27-4011,Audio and Video Technicians,Creative,62950.0,61393.22795869738,3864703700.0,rated,direct,29,3,0.07964403725640444,0.05411324741392249,0.3602537864712449,0.05411324741392249,0.07964403725640444,0.07964403725640444,0.05749974093726316,0.05411324741392249,307800605.4677641,123550523.58111998,184250081.88664412,3864703699.9999995,0.0,277547406.560499,0.0,0.0173,123038476.7768338,0.9353657600525036
27-4012,Broadcast Technicians,Creative,20120.0,64256.60039761431,1292842800.0,rated,direct,27,2,0.16216139746855607,0.0,0.4187621240089872,0.08776927114523594,0.21379018480827722,0.21379018480827722,0.1052406215005369,0.08776927114523594,209649195.15516093,0.0,316279356.02075,1292842800.0,0.0,165103345.1045081,0.0,0.0197,83101692.39303844,0.8661378299006123
27-4014,Sound Engineering Technicians,Creative,10940.0,81814.78062157221,895053700.0,rated,direct,14,2,0.11085874932327892,0.11085874932327892,0.2615887596449681,0.06702561873600223,0.11085874932327892,0.11085874932327892,0.11085874932327892,0.06702561873600223,99224533.7591733,59991528.044448115,39233005.71472518,895053700.0,0.0,54377702.75944755,0.0,0.0,39537719.39852534,0.9094550570988023
27-4015,Lighting Technicians,Creative,7760.0,72876.81701030929,565524100.0,equal,direct,16,0,0.0,0.0,0.125,0.0,0.0,0.0,0.0,0.0,0.0,0.0,0.0,565524100.0,0.0,70690512.5,0.0,,0.0,
27-4021,Photographers,Creative,46640.0,55607.85806174957,2593550500.0,rated,direct,28,1,0.06698556319115626,0.06698556319115626,0.28570237468122794,0.06698556319115626,0.06698556319115626,0.06698556319115626,0.06698556319115626,0.06698556319115626,173730440.9072049,173730440.9072049,0.0,2593550500.0,0.0,280198534.16666615,0.0,0.195,69535302.46203937,0.9457791494119059
27-4031,"Camera Operators, Television, Video, and Film",Creative,22810.0,80781.63963174046,1842629200.0,rated,direct,21,1,0.009179367422339116,0.009179367422339116,0.31618948427778276,0.009179367422339116,0.009179367422339116,0.009179367422339116,0.009179367422339116,0.009179367422339116,16914170.449930787,16914170.449930787,0.0,1842629200.0,0.0,99598530.95473535,0.0,0.1651,6809559.090796258,0.9926565445610513
27-4032,Film and Video Editors,Creative,27350.0,84699.99268738575,2316544800.0,rated,direct,22,1,0.0565310291737114,0.0565310291737114,0.6059627954645466,0.0565310291737114,0.1009996109960993,0.1009996109960993,0.0565310291737114,0.0565310291737114,130956661.67100945,130956661.67100945,103013461.98402724,2316544799.9999995,0.0,0.0,0.0,0.2234,52470752.00986218,0.9543389733432939
29-1011,Chiropractors,Clinical,36730.0,91205.49142390417,3349977700.0,rated,direct,11,0,0.0,0.0,0.2660491118357097,0.0,0.2260697472125471,0.2260697472125471,0.0,0.0,0.0,0.0,757328611.80667,3349977700.0,0.0,0.0,0.0,0.0,0.0,
29-1021,"Dentists, General",Clinical,113150.0,196148.0671674768,22194153800.0,rated,direct,20,0,0.0,0.0,0.01854994219750307,0.0,0.0,0.0,0.0,0.0,0.0,0.0,0.0,22194153800.000004,0.0,0.0,0.0,0.0309,0.0,
29-1022,Oral and Maxillofacial Surgeons,Clinical,4970.0,371703.50100603624,1847366400.0,rated,direct,14,0,0.0,0.0,0.0,0.0,0.0,0.0,0.0,0.0,0.0,0.0,0.0,1847366400.0000005,0.0,0.0,0.0,0.0,0.0,
29-1023,Orthodontists,Clinical,5040.0,252851.26984126985,1274370400.0,rated,direct,11,0,0.0,0.0,0.17216468278314606,0.0,0.0891649251873958,0.0891649251873958,0.0,0.0,0.0,0.0,113629141.37703165,1274370400.0,0.0,0.0,0.0,0.0,0.0,
29-1024,Prosthodontists,Clinical,710.0,259500.0,184245000.0,rated,direct,12,0,0.0,0.0,0.0,0.0,0.0,0.0,0.0,0.0,0.0,0.0,0.0,184245000.00000003,0.0,0.0,0.0,0.0,0.0,
29-1031,Dietitians and Nutritionists,Clinical,74880.0,74889.47382478633,5607723800.0,rated,direct,28,0,0.0,0.0,0.4132224288020689,0.0,0.0,0.0,0.0,0.0,0.0,0.0,0.0,5607723800.0,0.0,0.0,0.0,0.1328,0.0,
29-1041,Optometrists,Clinical,41680.0,140999.23464491364,5876848100.0,rated,direct,10,0,0.0,0.0,0.0,0.0,0.0,0.0,0.0,0.0,0.0,0.0,0.0,5876848100.000001,0.0,0.0,0.0,0.0,0.0,
29-1051,Pharmacists,Clinical,327910.0,137226.0614192919,44997797800.0,rated,direct,20,0,0.0,0.0,0.12075248625967747,0.0,0.02072954781977283,0.02072954781977283,0.0,0.0,0.0,0.0,932784001.2795687,44997797800.00001,0.0,0.0,0.0,0.0896,0.0,
29-1071,Physician Assistants,Clinical,154640.0,136965.31169167097,21180315800.0,rated,direct,28,0,0.0,0.0,0.07152279957120138,0.0,0.06652707812675128,0.06652707812675128,0.0,0.0,0.0,0.0,1409064523.9758644,21180315800.0,0.0,0.0,0.0,0.0,0.0,
29-1081,Podiatrists,Clinical,9370.0,163953.6499466382,1536245700.0,rated,direct,11,0,0.0,0.0,0.0,0.0,0.0,0.0,0.0,0.0,0.0,0.0,0.0,1536245700.0,0.0,0.0,0.0,0.0,0.0,
29-1122,Occupational Therapists,Clinical,148330.0,98538.18108272096,14616168400.0,rated,direct,38,0,0.0,0.0,0.2904842545829536,0.0,0.009779035213822925,0.0,0.0,0.009779035213822925,0.0,0.0,142932025.47476587,14616168400.0,0.0,499912572.25763303,0.0,0.008,0.0,
29-1123,Physical Therapists,Clinical,248040.0,102404.82301241736,25400492300.0,rated,direct,24,0,0.0,0.0,0.2928438870725439,0.0,0.05618635469067361,0.05618635469067361,0.0,0.0,0.0,0.0,1427161069.685524,25400492300.0,0.0,0.0,0.0,0.0174,0.0,
29-1124,Radiation Therapists,Clinical,18130.0,111004.18091560948,2012505800.0,rated,direct,22,1,0.04392355874535732,0.04392355874535732,0.16153006481919052,0.0,0.10724846228438327,0.10724846228438327,0.04392355874535732,0.0,88396416.73167233,0.0,215838152.38840258,2012505800.0000005,0.0,0.0,0.0,0.0,35463268.203977704,0.9646131564710181
29-1125,Recreational Therapists,Clinical,14830.0,64029.89211058665,949563300.0,rated,direct,11,0,0.0,0.0,0.2371801287241274,0.0,0.0,0.0,0.0,0.0,0.0,0.0,0.0,949563300.0,0.0,0.0,0.0,0.0,0.0,
29-1126,Respiratory Therapists,Clinical,135840.0,84287.1363368669,11449564600.0,rated,direct,22,0,0.0,0.0,0.13784896870527436,0.0,0.0,0.0,0.0,0.0,0.0,0.0,0.0,11449564600.000002,0.0,0.0,0.0,0.0,0.0,
29-1127,Speech-Language Pathologists,Clinical,177930.0,95827.44562468387,17050577400.0,rated,direct,23,0,0.0,0.0,0.2591133733270292,0.0,0.07892891759860331,0.07892891759860331,0.025273813847403417,0.0,0.0,0.0,1776716737.8115516,17050577400.0,0.0,0.0,0.0,0.0,0.0,
29-1128,Exercise Physiologists,Clinical,7740.0,59201.795865633074,458221900.0,rated,direct,25,0,0.0,0.0,0.2953583481453765,0.0,0.0,0.0,0.0,0.0,0.0,0.0,0.0,458221900.0,0.0,19500369.112521563,0.0,0.0,0.0,
29-1129,"Therapists, All Other",Clinical,16000.0,70278.25,1124452000.0,rated,direct,55,1,0.0030575091481659065,0.0,0.3463480480352473,0.0,0.0030575091481659065,0.0,0.0030575091481659065,0.0030575091481659065,3438022.27667345,0.0,3438022.27667345,1124452000.0,0.0,0.0,0.0,0.0402,1384984.7231865886,0.997557024389143
29-1131,Veterinarians,Clinical,79700.0,140354.08030112923,11186220200.0,rated,direct,21,1,0.012315851898873647,0.0,0.0434354533223818,0.012315851898873647,0.0434354533223818,0.0434354533223818,0.012315851898873647,0.012315851898873647,137767831.29138875,137767831.29138875,348110714.0595957,11186220200.0,0.0,0.0,0.0,0.0926,55447087.27063089,0.9901411282687665
29-1141,Registered Nurses,Clinical,3279600.0,98430.98353457739,322814253600.0,rated,direct,137,1,0.008547300737238122,0.0,0.08766013354877164,0.004013206604933281,0.04072164845989216,0.04072164845989216,0.008547300737238122,0.004013206604933281,2759190507.786254,0.0,14441048847.655804,322814253600.0,0.0,5522280130.299027,0.0,0.0595,1110906878.9999347,0.9931630675629737
29-1151,Nurse Anesthetists,Clinical,48980.0,233128.47897100856,11418632900.0,rated,direct,24,0,0.0,0.0,0.0,0.0,0.0,0.0,0.0,0.0,0.0,0.0,0.0,11418632900.0,0.0,0.0,0.0,0.0,0.0,
29-1161,Nurse Midwives,Clinical,8060.0,129353.13895781638,1042586300.0,rated,direct,21,0,0.0,0.0,0.13297384344818924,0.0,0.0,0.0,0.0,0.0,0.0,0.0,0.0,1042586300.0,0.0,0.0,0.0,0.052,0.0,
29-1171,Nurse Practitioners,Clinical,303470.0,132177.61986357794,40111942300.0,rated,direct,27,0,0.0,0.0,0.18860396041049005,0.0,0.03644397057844943,0.03644397057844943,0.0,0.0,0.0,0.0,1461838445.0256612,40111942300.00001,0.0,0.0,0.0,0.0944,0.0,
29-1181,Audiologists,Clinical,14400.0,95041.0625,1368591300.0,rated,direct,22,0,0.0,0.0,0.23355205486379968,0.0,0.0,0.0,0.0,0.0,0.0,0.0,0.0,1368591300.0,0.0,0.0,0.0,0.0,0.0,
29-1211,Anesthesiologists,Clinical,41420.0,338015.02414292615,14000582300.0,rated,direct,18,0,0.0,0.0,0.06272836619940034,0.0,0.0,0.0,0.0,0.0,0.0,0.0,0.0,14000582300.000004,0.0,0.0,0.0,0.0,0.0,
29-1212,Cardiologists,Clinical,17540.0,437849.77194982895,7679885000.0,equal,direct,25,0,0.0,0.0,0.16,0.0,0.08,0.08,0.0,0.0,0.0,0.0,614390800.0,7679885000.0,0.0,0.0,0.0,,0.0,
29-1213,Dermatologists,Clinical,9220.0,355800.8676789588,3280484000.0,rated,direct,18,0,0.0,0.0,0.2844925887123513,0.0,0.0,0.0,0.0,0.0,0.0,0.0,0.0,3280484000.0,0.0,0.0,0.0,0.0,0.0,
29-1214,Emergency Medicine Physicians,Clinical,33340.0,321367.5794841032,10714395100.0,rated,direct,17,0,0.0,0.0,0.1563159357683681,0.0,0.0,0.0,0.0,0.0,0.0,0.0,0.0,10714395100.0,0.0,0.0,0.0,,0.0,
29-1215,Family Medicine Physicians,Clinical,107660.0,257381.755526658,27709719800.0,rated,direct,12,1,0.011328331720517034,0.0,0.327953890033888,0.0,0.13581521802733548,0.13581521802733548,0.011328331720517034,0.0,313904897.7769789,0.0,3763401636.113375,27709719800.0,0.0,0.0,0.0,0.0,126349132.38513009,0.9909334492131745
29-1216,General Internal Medicine Physicians,Clinical,59860.0,261508.23421316405,15653882900.0,rated,direct,19,0,0.0,0.0,0.011584358812627227,0.0,0.08638508701714911,0.08638508701714911,0.0,0.0,0.0,0.0,1352262036.4727626,15653882900.0,0.0,0.0,0.0,0.084,0.0,
29-1217,Neurologists,Clinical,7280.0,283828.5714285714,2066272000.0,rated,direct,24,0,0.0,0.0,0.4577905574805616,0.0,0.11229168613650652,0.11229168613650652,0.018955935035918598,0.0,0.0,0.0,271193284.6951892,2066271999.9999998,0.0,0.0,0.0,0.0,0.0,
29-1218,Obstetricians and Gynecologists,Clinical,19460.0,280908.8335046249,5466485900.0,rated,direct,15,1,0.0180112779201768,0.0,0.26911573644940584,0.0,0.0180112779201768,0.0180112779201768,0.0180112779201768,0.0,98458396.7916278,0.0,98458396.7916278,5466485900.000001,0.0,0.0,0.0,0.0685,39603549.28252219,0.9855653192870524
29-1221,"Pediatricians, General",Clinical,42710.0,222466.1109810349,9501527600.0,rated,direct,17,0,0.0,0.0,0.2353738295771772,0.0,0.09993442774943559,0.09993442774943559,0.0,0.0,0.0,0.0,949529723.4514681,9501527600.0,0.0,0.0,0.0,0.0,0.0,
29-1222,"Physicians, Pathologists",Clinical,8840.0,270438.3823529412,2390675300.0,rated,direct,19,0,0.0,0.0,0.045319330320291694,0.0,0.0,0.0,0.0,0.0,0.0,0.0,0.0,2390675300.0,0.0,0.0,0.0,0.1577,0.0,
29-1223,Psychiatrists,Clinical,24440.0,270252.49590834696,6604971000.0,rated,direct,12,0,0.0,0.0,0.3200685804381209,0.0,0.0,0.0,0.0,0.0,0.0,0.0,0.0,6604971000.000002,0.0,0.0,0.0,0.0,0.0,
29-1224,Radiologists,Clinical,26130.0,383053.972445465,10009200300.0,partly,direct,30,2,0.06911269099213588,0.0,0.18558195176089595,0.0,0.06911269099213588,0.06911269099213588,0.06911269099213588,0.0,691762767.4122937,0.0,691762767.4122937,10009200300.0,0.0,0.0,0.0,0.199,276817091.8991837,0.944033050721304
29-1229,"Physicians, All Other",Clinical,313460.0,253975.83391820328,79611264900.0,rated,direct,101,2,0.005607465564208699,0.0,0.17477102282558607,0.0,0.035452783001227915,0.035452783001227915,0.011579055425752521,0.0,446417426.4498467,0.0,3297846721.2944922,79611264900.0,0.0,0.0,0.0,0.0297,179790120.13835156,0.9955172831674556
29-1241,"Ophthalmologists, Except Pediatric",Clinical,12050.0,302316.6307053942,3642915400.0,rated,direct,18,0,0.0,0.0,0.17084812657452872,0.0,0.0,0.0,0.0,0.0,0.0,0.0,0.0,3642915399.9999995,0.0,0.0,0.0,0.0,0.0,
29-1242,"Orthopedic Surgeons, Except Pediatric",Clinical,11200.0,358591.35714285716,4016223200.0,equal,direct,15,0,0.0,0.0,0.0,0.0,0.0,0.0,0.0,0.0,0.0,0.0,0.0,4016223199.9999995,0.0,0.0,0.0,0.0,0.0,
29-1243,Pediatric Surgeons,Clinical,1010.0,450578.71287128713,455084500.0,equal,direct,18,0,0.0,0.0,0.1111111111111111,0.0,0.0,0.0,0.0,0.0,0.0,0.0,0.0,455084500.0,0.0,0.0,0.0,0.0,0.0,
29-1291,Acupuncturists,Clinical,7690.0,85996.46293888167,661312800.0,rated,direct,18,0,0.0,0.0,0.2999619132970529,0.0,0.06575335011613388,0.06575335011613388,0.0,0.0,0.0,0.0,43483532.07468082,661312800.0,0.0,0.0,0.0,0.0,0.0,
29-1292,Dental Hygienists,Clinical,218500.0,93898.35057208237,20516789600.0,rated,direct,16,1,0.02082236960392584,0.02082236960392584,0.17280264117695682,0.0,0.08629989083622724,0.08629989083622724,0.02082236960392584,0.0,427208176.1371818,0.0,1770596702.7898424,20516789600.0,0.0,0.0,0.0,0.0,171789918.7816192,0.9833029498589836
29-1299,"Healthcare Diagnosing or Treating Practitioners, All Other",Clinical,24340.0,129886.18323746919,3161429700.0,rated,direct,36,1,0.020358470231556583,0.0,0.2280789103823373,0.0,0.07253748464139795,0.07253748464139795,0.020358470231556583,0.0,64361872.43660886,0.0,229322158.30860934,3161429699.9999995,0.0,0.0,0.0,0.0222,25882553.91223984,0.9836764738334839
29-2011,Medical and Clinical Laboratory Technologists,Clinical,171030.0,65326.98152370929,11172873650.0,rated,equal,74,2,0.016898886742560983,0.0025533167244162418,0.13027866699968182,0.0025533167244162418,0.11230048381917034,0.11230048381917034,0.016898886742560983,0.0025533167244162418,188809126.40029395,28527885.15033454,1226191231.3951252,11172873650.0,0.0,146731499.86052683,0.0,,75954426.15445071,0.9864598626989383
29-2012,Medical and Clinical Laboratory Technicians,Clinical,171030.0,65326.98152370929,11172873650.0,rated,equal,21,0,0.0,0.0,0.030496211852585147,0.0,0.0,0.0,0.0,0.0,0.0,0.0,0.0,11172873650.0,0.0,558580157.620542,0.0,,0.0,
29-2031,Cardiovascular Technologists and Technicians,Clinical,60500.0,73023.73719008264,4417936100.0,rated,direct,21,0,0.0,0.0,0.41365027061039283,0.0,0.14996564498640214,0.14996564498640214,0.0,0.0,0.0,0.0,662538636.74521,4417936100.0,0.0,0.0,0.0,0.0,0.0,
29-2032,Diagnostic Medical Sonographers,Clinical,86170.0,92556.75873273761,7975615900.0,rated,direct,20,1,0.04396062002637123,0.0,0.23628686973678045,0.0,0.09978374593167946,0.09978374593167946,0.04396062002637123,0.0,350613020.0561848,0.0,795836830.614263,7975615900.0,0.0,485863180.18275476,0.0,0.0,140659965.59598196,0.9645830313660815
29-2033,Nuclear Medicine Technologists,Clinical,16490.0,99975.8399029715,1648601600.0,rated,direct,17,0,0.0,0.0,0.14564855171453645,0.0,0.08447056855375189,0.08447056855375189,0.0,0.0,0.0,0.0,139258314.47062504,1648601600.0,0.0,0.0,0.0,0.0513,0.0,
29-2034,Radiologic Technologists and Technicians,Clinical,222710.0,79766.85375600557,17764876000.0,partly,direct,30,1,0.04019611291412727,0.0,0.35723300901807364,0.0,0.13026430231701833,0.13026430231701833,0.04019611291412727,0.0,714078961.6014696,0.0,2314129177.8883433,17764876000.0,0.0,0.0,0.0,0.0,286585431.73269,0.9676406781334864
29-2035,Magnetic Resonance Imaging Technologists,Clinical,40900.0,91192.61369193155,3729777900.0,rated,direct,24,1,0.011536527241624463,0.0,0.23970359804374058,0.011536527241624463,0.07098938016529417,0.07098938016529417,0.011536527241624463,0.011536527241624463,43028684.34855888,0.0,307803305.6237714,3729777899.9999995,0.0,222306963.4133479,0.0,0.039,17319012.271719284,0.9907664331730892
29-2036,Medical Dosimetrists,Clinical,3510.0,143973.01994301996,505345300.0,rated,direct,19,0,0.0,0.0,0.0,0.0,0.05076059064893983,0.05076059064893983,0.0,0.0,0.0,0.0,25651625.909665693,505345299.99999994,0.0,0.0,0.0,,0.0,
29-2042,Emergency Medical Technicians,Clinical,171770.0,44713.99429469639,7680522800.0,equal,direct,12,0,0.0,0.0,0.08333333333333333,0.0,0.0,0.0,0.0,0.0,0.0,0.0,0.0,7680522800.0,0.0,0.0,0.0,0.0,0.0,
29-2043,Paramedics,Clinical,97930.0,60665.51005820484,5940973400.0,equal,direct,13,0,0.0,0.0,0.07692307692307693,0.0,0.07692307692307693,0.07692307692307693,0.0,0.0,0.0,0.0,456997953.84615386,5940973399.999999,0.0,0.0,0.0,0.0,0.0,
29-2051,Dietetic Technicians,Clinical,28890.0,39768.556593977155,1148913600.0,rated,direct,13,0,0.0,0.0,0.14966837546465017,0.0,0.0,0.0,0.0,0.0,0.0,0.0,0.0,1148913600.0,0.0,0.0,0.0,0.2446,0.0,
29-2052,Pharmacy Technicians,Clinical,485870.0,44800.005351225635,21766978600.0,rated,direct,21,1,0.041214717946464766,0.0,0.23037041784562806,0.041214717946464766,0.1792230961829986,0.1792230961829986,0.041214717946464766,0.041214717946464766,897119883.5457345,897119883.5457345,3004025415.695338,21766978600.0,0.0,2706022903.4840565,0.0,0.0735,360009204.7506054,0.9668137978190602
29-2053,Psychiatric Technicians,Clinical,135450.0,44984.21188630491,6093111500.0,rated,direct,16,0,0.0,0.0,0.02698699827306527,0.0,0.0,0.0,0.0,0.0,0.0,0.0,0.0,6093111500.0,0.0,0.0,0.0,0.0,0.0,
29-2055,Surgical Technologists,Clinical,113430.0,65784.2942784096,7461912500.0,rated,direct,16,0,0.0,0.0,0.058636915073200846,0.0,0.031096855887645627,0.031096855887645627,0.0,0.0,0.0,0.0,232042017.6587215,7461912500.0,0.0,0.0,0.0,0.0,0.0,
29-2056,Veterinary Technologists and Technicians,Clinical,130850.0,46224.51280091708,6048477500.0,rated,direct,31,0,0.0,0.0,0.10634858627579365,0.0,0.030616309042991854,0.030616309042991854,0.021448046429024585,0.0,0.0,0.0,314910082.6244933,6048477500.0,0.0,0.0,0.0,0.0,0.0,
29-2057,Ophthalmic Medical Technicians,Clinical,75760.0,45383.78167898627,3438275300.0,rated,direct,20,0,0.0,0.0,0.10500590019024528,0.0,0.0,0.0,0.0,0.0,0.0,0.0,0.0,3438275299.999999,0.0,290815197.22866046,0.0,0.0,0.0,
29-2061,Licensed Practical and Licensed Vocational Nurses,Clinical,631310.0,64160.02803693906,40504867300.0,rated,direct,22,1,0.033766612827670496,0.0,0.07543320611454593,0.033766612827670496,0.041666593286875435,0.041666593286875435,0.033766612827670496,0.033766612827670496,1367712171.7552712,0.0,3055412003.6832314,40504867300.0,0.0,759369410.7549424,0.0,0.0,549268807.8648049,0.9728521133986914
29-2072,Medical Records Specialists,Finance,186240.0,55958.05143900344,10421627500.0,equal,direct,17,2,0.11764705882352941,0.058823529411764705,0.5294117647058824,0.11764705882352941,0.3529411764705882,0.3529411764705882,0.11764705882352941,0.11764705882352941,1226073823.5294118,613036911.7647059,3678221470.588235,10421627500.0,0.0,613036911.7647059,0.0,0.6674,488212292.7474506,0.9037760248085949
29-2081,"Opticians, Dispensing",Clinical,79650.0,49818.27369742624,3968025500.0,rated,direct,21,3,0.16477456007772012,0.0,0.48510302998145516,0.061822896779421335,0.26135164766379915,0.26135164766379915,0.10295166329829877,0.061822896779421335,653829656.1396754,0.0,1037050002.3969704,3968025500.0,0.0,774498756.5957552,0.0,0.0,259098584.0968763,0.8639066226750303
29-2091,Orthotists and Prosthetists,Clinical,9360.0,81593.4188034188,763714400.0,rated,direct,15,0,0.0,0.0,0.20333407219212699,0.0,0.0,0.0,0.0,0.0,0.0,0.0,0.0,763714400.0,0.0,0.0,0.0,0.0,0.0,
29-2092,Hearing Aid Specialists,Clinical,7000.0,61075.75714285715,427530300.0,rated,direct,11,0,0.0,0.0,0.0,0.0,0.0,0.0,0.0,0.0,0.0,0.0,0.0,427530300.0,0.0,0.0,0.0,0.0,0.0,
29-2099,"Health Technologists and Technicians, All Other",Clinical,173060.0,56291.739859008434,9741848500.0,rated,direct,60,2,0.03020414311471415,0.017148683378649474,0.3557046478450159,0.013055459736064675,0.03020414311471415,0.017148683378649474,0.03020414311471415,0.013055459736064675,294244186.2958634,0.0,294244186.2958634,9741848499.999998,0.0,362506528.71515065,0.0,0.0445,118210072.43972194,0.9757338265328179
29-9021,Health Information Technologists and Medical Registrars,Clinical,35820.0,72519.24343941933,2597639300.0,equal,direct,16,2,0.125,0.0,0.4375,0.0625,0.25,0.25,0.125,0.0625,324704912.5,162352456.25,487057368.75,2597639300.0,0.0,0.0,0.0,0.3063,129197843.64134921,0.8976066476801651
29-9091,Athletic Trainers,Clinical,28370.0,64007.44800845964,1815891300.0,rated,direct,23,0,0.0,0.0,0.14842922481082593,0.0,0.0834082781342639,0.0834082781342639,0.0,0.0,0.0,0.0,151460366.61199003,1815891299.9999998,0.0,0.0,0.0,0.0531,0.0,
29-9092,Genetic Counselors,Clinical,3250.0,103771.5076923077,337257400.0,rated,direct,19,0,0.0,0.0,0.35596002849603725,0.0,0.11623938703197037,0.11623938703197037,0.0,0.0,0.0,0.0,39202593.44799604,337257400.00000006,0.0,0.0,0.0,0.0123,0.0,
29-9093,Surgical Assistants,Clinical,21200.0,66097.50943396226,1401267200.0,rated,direct,28,0,0.0,0.0,0.07631905585787008,0.0,0.0,0.0,0.0,0.0,0.0,0.0,0.0,1401267200.0,0.0,47612449.56312499,0.0,0.0,0.0,
29-9099,"Healthcare Practitioners and Technical Workers, All Other",Clinical,34950.0,73362.23462088699,2564010100.0,rated,direct,36,1,0.010027348082242102,0.0,0.22575163673444962,0.0,0.062820059749416,0.062820059749416,0.0,0.010027348082242102,25710221.75908438,0.0,161071267.6801061,2564010100.0000005,0.0,0.0,0.0,0.0,10349919.601118242,0.9919767902493509
41-1011,First-Line Supervisors of Retail Sales Workers,Retail front line,1111380.0,52327.08821465205,58155279300.0,rated,direct,21,2,0.07224818923865395,0.0,0.33040443726773777,0.04391357033895654,0.07224818923865395,0.07224818923865395,0.04391357033895654,0.07224818923865395,4201613624.093175,2553805948.1222134,1647807675.9709618,58155279300.0,0.0,0.0,0.0,0.2627,1680790807.1767385,0.9414564399769212
41-1012,First-Line Supervisors of Non-Retail Sales Workers,Sales,217450.0,97863.1892389055,21280350500.0,rated,direct,18,2,0.10644552754398912,0.0,0.3719166432260963,0.07007099329870135,0.10644552754398912,0.10644552754398912,0.07007099329870135,0.10644552754398912,2265198135.2934923,1491135297.279516,774062838.0139767,21280350499.999996,0.0,604580856.1431092,0.0,0.2295,903012923.9862436,0.9131385992641554
41-2011,Cashiers,Retail front line,3142910.0,31801.80351966808,99950206300.0,rated,direct,28,4,0.10392420203575199,0.038943493714498345,0.28747623628625973,0.05861469505587595,0.1470874357238937,0.05861469505587595,0.10392420203575199,0.1470874357238937,10387245433.036291,3892410230.806863,12775149946.17383,99950206300.0,0.0,35968774836.30391,0.0,0.0846,4141900460.176817,0.9152400470059412
41-2012,Gambling Change Persons and Booth Cashiers,Retail front line,21630.0,36923.846509477575,798662800.0,rated,direct,13,2,0.18627234542395002,0.06575076127864209,0.27574216664282525,0.06575076127864209,0.24004171385690554,0.18627234542395002,0.24004171385690554,0.06575076127864209,148768792.95885912,52512687.10493187,139199700.20082313,798662800.0,0.0,384071108.85154486,0.0,0.0,58824029.25378661,0.8454584337260428
41-2021,Counter and Rental Clerks,Retail front line,392830.0,43773.72985769926,17195634300.0,rated,direct,16,5,0.3296842005323961,0.2022930066519834,0.7178298631535536,0.2657689650286074,0.3955614194891956,0.3955614194891956,0.2657689650286074,0.26620824215577216,5669128946.842949,3478556563.8349743,3323372948.8901253,17195634300.0,0.0,0.0,0.0,0.2048,2208600780.409038,0.718010370204065
41-2022,Parts Salespersons,Retail front line,263230.0,42270.59947574365,11126889900.0,rated,direct,19,3,0.2241677380920789,0.14312842600858733,0.420492922304553,0.15677137713022352,0.2241677380920789,0.2241677380920789,0.2241677380920789,0.15677137713022352,2494289740.882598,1744377852.799375,749911888.0832232,11126889900.0,0.0,1832288049.3991222,0.0,0.0,982419198.2708169,0.8125311779420981
41-2031,Retail Salespersons,Retail front line,3789940.0,37131.42588009309,140725876200.0,rated,direct,24,2,0.07197244670967783,0.03462993081819234,0.4227086194466684,0.03734251589148549,0.1443972903760723,0.07197244670967783,0.1443972903760723,0.03734251589148549,10128385625.477219,5255058268.34172,15065376940.736877,140725876200.00003,0.0,14222532384.9438,0.0,0.3222,4051818025.032053,0.9416831652071825
41-3011,Advertising Sales Agents,Sales,93700.0,75378.12379935966,7062930200.0,rated,direct,20,1,0.07088517956099553,0.0,0.5245312843629035,0.07088517956099553,0.12952523145151945,0.12952523145151945,0.07088517956099553,0.11569681889743597,500657075.4537781,500657075.4537781,730672074.2080015,7062930200.0,0.0,0.0,0.0,0.1482,200307853.2698141,0.9425769055263784
41-3021,Insurance Sales Agents,Sales,462310.0,81603.65490688066,37726185700.0,rated,direct,19,3,0.16251910610850093,0.06565745919833321,0.5945386027955818,0.0,0.316007418553388,0.316007418553388,0.16251910610850093,0.0,6131225976.84731,0.0,11921754554.92274,37726185700.0,0.0,0.0,0.0,0.3188,2430233938.1335707,0.8658325495769819
41-3031,"Securities, Commodities, and Financial Services Sales Agents",Sales,468870.0,110468.08688975622,51795171900.0,partly,direct,30,2,0.04997950828788325,0.0,0.512964364397214,0.02185187143486336,0.2752704977530957,0.2752704977530957,0.04997950828788325,0.02185187143486336,2588697223.248388,1131821437.3054473,13125861312.814709,51795171900.0,0.0,0.0,0.0,0.4413,1037908662.9099362,0.9596845732475086
41-3041,Travel Agents,Sales,51830.0,52168.269342079875,2703881400.0,rated,direct,8,2,0.2648885113893058,0.13933302458801788,0.5276477534730417,0.2648885113893058,0.39388892441655904,0.39388892441655904,0.2648885113893058,0.2648885113893058,716227119.0192322,716227119.0192322,348801817.37670773,2703881400.0,0.0,317476682.5454601,0.0,0.4054,280914463.8397878,0.7765569043813829
41-3091,"Sales Representatives of Services, Except Advertising, Insurance, Financial Services, and Travel",Sales,1188040.0,81242.83290124912,96519735200.0,equal,direct,15,3,0.2,0.06666666666666667,0.7333333333333333,0.13333333333333333,0.2,0.2,0.2,0.13333333333333333,19303947040.0,12869298026.666666,6434649013.333333,96519735199.99998,0.0,0.0,0.0,,7622132981.956721,0.8335910138976614
41-4011,"Sales Representatives, Wholesale and Manufacturing, Technical and Scientific Products",Sales,289430.0,114539.50281587949,33151168300.0,rated,direct,46,7,0.15130804668213396,0.05923978782160952,0.6102021203315349,0.15130804668213396,0.1551187387153435,0.15130804668213396,0.15130804668213396,0.1551187387153435,5016038520.70368,2513968571.280242,5130468791.779274,33151168300.0,0.0,459249081.8338603,0.0,0.2706,1990490009.0339324,0.875378855867763
41-4012,"Sales Representatives, Wholesale and Manufacturing, Except Technical and Scientific Products",Sales,1263600.0,81551.9749920861,103049075600.0,rated,direct,18,2,0.06499661834438217,0.034346616282449206,0.32850051238079303,0.0,0.16465056434996736,0.16465056434996736,0.06499661834438217,0.0,6697841437.514585,0.0,16967088453.282452,103049075599.99998,0.0,11966049616.131512,0.0,0.6279,2681340019.7988353,0.9474104456724464
41-9011,Demonstrators and Product Promoters,Sales,52840.0,42154.212717638155,2227428600.0,rated,direct,21,1,0.05859826151782238,0.0,0.3190361864911988,0.0,0.05859826151782238,0.05859826151782238,0.05859826151782238,0.0,130523443.61507697,0.0,130523443.61507697,2227428600.0000005,0.0,219995361.43377346,0.0,0.0788,52286219.7572253,0.9526492868904372
41-9012,Models,Sales,1360.0,53177.94117647059,72322000.0,rated,direct,10,3,0.27194607406867166,0.1303378778811251,0.27194607406867166,0.0,0.27194607406867166,0.27194607406867166,0.0,0.27194607406867166,19667683.968794473,0.0,19667683.968794473,72322000.0,0.0,0.0,0.0,0.0,7708310.484570201,0.7702584860230788
41-9021,Real Estate Brokers,Sales,47210.0,91789.42385087904,4333378700.0,rated,direct,17,1,0.081780732570442,0.0,0.16979336883594645,0.0,0.1475715020305022,0.1475715020305022,0.081780732570442,0.0,354386884.59114957,0.0,639483203.625985,4333378700.0,0.0,0.0,0.0,0.2609,141629873.300136,0.9336026976939744
41-9022,Real Estate Sales Agents,Sales,184040.0,71549.15942186481,13167907300.0,rated,direct,33,2,0.05892937749661089,0.0,0.4726385040637119,0.0,0.06668693454077373,0.06668693454077373,0.0,0.05892937749661089,775976580.1220783,0.0,878127372.1540766,13167907299.999998,0.0,0.0,0.0,0.2828,310837037.6562001,0.952378511429948
41-9031,Sales Engineers,Sales,54760.0,131815.8564645727,7218236300.0,rated,direct,25,1,0.058952316023018723,0.0,0.4012640157592603,0.0,0.10760241020574182,0.10760241020574182,0.0,0.058952316023018723,425531747.4864254,0.0,776699623.314576,7218236300.0,0.0,0.0,0.0,0.3224,170457103.6278939,0.9523597517238089
41-9041,Telemarketers,Sales,62190.0,35596.62968322881,2213754400.0,rated,direct,12,4,0.29810035790487643,0.27633326385423645,0.9999999999999999,0.29810035790487643,0.39295123332233073,0.29810035790487643,0.29810035790487643,0.39295123332233073,659920978.953495,659920978.953495,209976542.79924121,2213754399.9999995,0.0,0.0,0.0,0.2852,257940650.64365953,0.7467513083967229
41-9091,"Door-to-Door Sales Workers, News and Street Vendors, and Related Workers",Sales,1200.0,38057.666666666664,45669200.0,rated,direct,12,1,0.08673591695149098,0.08673591695149098,0.4551524061484983,0.08673591695149098,0.18565887965414102,0.18565887965414102,0.13365445150402944,0.08673591695149098,3961159.9384410316,3961159.9384410316,6660464.506446655,45669200.0,0.0,5624168.60949902,0.0,0.1758,1582271.2990365468,0.9295080547527328
43-1011,First-Line Supervisors of Office and Administrative Support Workers,Admin,1495550.0,71563.0126040587,107026063500.0,rated,direct,28,2,0.0976324261794877,0.056073802854644125,0.5126039224534913,0.0976324261794877,0.14264615662259356,0.14264615662259356,0.0976324261794877,0.0976324261794877,10449214243.944912,10449214243.944912,4817642372.77573,107026063500.0,0.0,0.0,0.0,0.1856,4169279371.3071237,0.9204745512509233
43-2011,"Switchboard Operators, Including Answering Service",Admin,33190.0,41941.08466405544,1392024600.0,rated,direct,19,2,0.0482197250694258,0.0,0.38640896643031875,0.014405679015094468,0.0482197250694258,0.0482197250694258,0.014405679015094468,0.03381404605433133,67123043.50187743,0.0,67123043.50187743,1392024600.0,0.0,191272124.99356553,0.0,0.3863,26917014.917281214,0.9611180097821457
43-2021,Telephone Operators,Admin,3050.0,43563.34426229508,132868200.0,rated,direct,14,3,0.1966359942781242,0.0,0.3542889583341435,0.048770011059509344,0.1966359942781242,0.1966359942781242,0.048770011059509344,0.1966359942781242,26126670.614944663,6479983.583457099,19646687.03148756,132868200.0,0.0,32296735.259420346,0.0,0.0,10319642.571555715,0.8365054861760308
43-3011,Bill and Account Collectors,Finance,161590.0,48307.38659570518,7805990600.0,rated,direct,15,2,0.12902698644779553,0.0,0.6524139817363612,0.08951546300148876,0.304065143553398,0.304065143553398,0.12902698644779553,0.08951546300148876,1007183443.3578193,698756862.744269,1674772789.6212063,7805990600.0,0.0,542696458.2677639,0.0,0.2989,400586688.02359647,0.8942199100494552
43-3021,Billing and Posting Clerks,Finance,416020.0,49489.521176866496,20588630600.0,partly,direct,28,11,0.4598672942025097,0.0,0.7316256878258214,0.38571560578020186,0.47178248471740436,0.4331509683191859,0.47178248471740436,0.38571560578020186,9468037845.356995,5455408262.90014,6193842335.059334,20588630599.999996,0.0,3728193442.517135,0.0,0.1924,3638556730.6133757,0.5952897550612366
43-3031,"Bookkeeping, Accounting, and Auditing Clerks",Finance,1455690.0,52018.87922565931,75723362300.0,rated,direct,28,13,0.4393335514264384,0.061764325954993454,0.7011024114096557,0.1489348932542428,0.531470832648143,0.531470832648143,0.4767189201715354,0.1489348932542428,33267813685.209873,8703240940.12195,36947073235.46103,75723362300.0,0.0,6802065268.539651,0.0,0.3104,12812516361.629848,0.6151156122875553
43-3041,Gambling Cage Workers,Finance,13300.0,38631.28571428572,513796100.0,rated,direct,17,2,0.10082779209009639,0.04107605391556402,0.23942330358568112,0.0,0.14248892425108792,0.10082779209009639,0.14248892425108792,0.0,51804926.34750237,0.0,73210253.57340439,513796100.0,0.0,180368047.04093572,0.0,0.0653,20663658.202100225,0.9178178283533702
43-3051,Payroll and Timekeeping Clerks,Finance,154660.0,56929.66054571318,8804741300.0,rated,direct,21,6,0.3943717605596815,0.0,0.763851593227276,0.2731464087052779,0.5290487110734409,0.441692450814126,0.5290487110734409,0.2731464087052779,3472341327.7535386,1807153824.422992,3865459288.755964,8804741300.000002,0.0,0.0,0.0,0.0487,1343649419.5013912,0.6579050550661774
43-3061,Procurement Clerks,Finance,57930.0,50518.05800103573,2926511100.0,rated,direct,19,7,0.38671990306895765,0.04006724665925558,0.7954548255669394,0.24755753584094237,0.38671990306895765,0.38671990306895765,0.38671990306895765,0.24755753584094237,1131740088.9222286,553289871.5673485,749640222.3146973,2926511100.0,0.0,0.0,143794614.0925138,0.2436,438287164.23849374,0.6651034898878629
43-3071,Tellers,Finance,338770.0,40941.29645482186,13869683000.0,rated,direct,28,6,0.21852932734734415,0.13328618302320827,0.3829776245032037,0.07816908484557945,0.2326504465879712,0.22641436228952874,0.2326504465879712,0.07816908484557945,3030932496.5108943,1084180427.208291,2251970451.8673253,13869683000.0,0.0,5510261689.294806,0.0,0.0231,1194479004.7462122,0.8174636932256844
43-4011,Brokerage Clerks,Admin,38430.0,68115.67265157429,2617685300.0,rated,direct,10,1,0.03352290897366765,0.0,0.4690877129542453,0.0,0.20634639789802905,0.20634639789802905,0.03352290897366765,0.0,87752426.0336079,0.0,540149932.4856216,2617685300.0,0.0,200099806.29005376,0.0,0.1744,35241960.13491311,0.9730493803086888
43-4021,Correspondence Clerks,Admin,2820.0,47097.94326241135,132816200.0,rated,direct,17,3,0.12773353325034018,0.04361689367590488,0.5349557202067127,0.034054329161138513,0.12809534632848235,0.12809534632848235,0.034054329161138513,0.12773353325034018,16965082.498883832,0.0,21536103.72976458,132816200.0,0.0,10724266.507723369,0.0,0.2786,6748406.626313427,0.8953083326380755
43-4031,"Court, Municipal, and License Clerks",Admin,169360.0,51232.676547000476,8676766100.0,partly,direct,30,1,0.04874989718492178,0.04874989718492178,0.7752020132520051,0.04874989718492178,0.2540596502330994,0.2540596502330994,0.04874989718492178,0.06339863393416739,422991455.2726147,422991455.2726147,1908528367.6814773,8676766100.0,0.0,281275579.3165003,0.0,0.102,169614719.98802435,0.9606862645962825
43-4041,"Credit Authorizers, Checkers, and Clerks",Admin,10590.0,51310.38715769594,543377000.0,partly,direct,16,2,0.16442117424146513,0.10168795603189677,0.7008546552672683,0.10168795603189677,0.2991704843475816,0.2991704843475816,0.16442117424146513,0.10168795603189677,89342684.3958046,55254896.484743975,107307463.78859189,543377000.0,0.0,81466800.52939184,46994111.54438503,0.1296,35405859.65502599,0.8642084976250314
43-4051,Customer Service Representatives,Customer support,2725620.0,45377.148428614404,123680863300.0,rated,direct,13,3,0.27314164825928244,0.16847204146527353,0.8919115559074747,0.16847204146527353,0.4502144828562139,0.4502144828562139,0.27314164825928244,0.16847204146527353,33782394859.892994,20836767530.33843,34846148379.48116,123680863300.0,0.0,2605622763.7660913,0.0,0.7011,13238617271.090342,0.7691896357925547
43-4061,"Eligibility Interviewers, Government Programs",Admin,153900.0,54149.328784925274,8333581700.0,rated,direct,17,2,0.12112500187930564,0.03885846053688904,0.7011966855911658,0.0706594024849311,0.22587605459597737,0.22587605459597737,0.0706594024849311,0.12112500187930564,1009405099.073847,323830155.62039065,1823542147.2898128,8333581700.0,0.0,0.0,662158426.6522492,0.0597,401794110.04406244,0.9008602431603413
43-4071,File Clerks,Admin,74130.0,43675.63064886011,3237674500.0,rated,direct,19,2,0.12677494006374201,0.05970832218050115,0.324713104578605,0.12677494006374201,0.20125793219524235,0.20125793219524235,0.12677494006374201,0.12677494006374201,410455990.6834059,410455990.6834059,241151684.30785927,3237674500.0,0.0,638079465.8800672,0.0,0.1568,163288030.42557532,0.8961145996503056
43-4081,"Hotel, Motel, and Resort Desk Clerks",Admin,259850.0,34688.75966903983,9013874200.0,rated,direct,20,6,0.33977102866285375,0.06062043980101713,0.6822029595231502,0.2709274816032776,0.4774080910886494,0.4774080910886494,0.2709274816032776,0.27241939499471257,3062653309.171558,1575508089.9429333,2987287378.6950097,9013874200.0,0.0,1317408123.6496634,0.0,0.1725,1191906003.4991162,0.7087487419150246
43-4111,"Interviewers, Except Eligibility and Loan",Customer support,150200.0,45724.392143808254,6867803700.0,rated,direct,16,1,0.06901266282138985,0.0,0.9075739370554028,0.0,0.25177884200933043,0.25177884200933043,0.0,0.06901266282138985,473965421.07159364,0.0,1729167662.7333949,6867803700.0,0.0,358083903.7235516,0.0,0.3851,189664820.21844715,0.9441151950096646
43-4121,"Library Assistants, Clerical",Education,79520.0,37902.13405432596,3013977700.0,rated,direct,32,4,0.10746421507034729,0.07357598802844703,0.25845564098607193,0.08230326753684081,0.10746421507034729,0.10746421507034729,0.10746421507034729,0.08230326753684081,323894747.7700307,248060212.9931721,75834534.77685855,3013977700.0,0.0,1066141487.149024,0.0,0.0978,129106058.13870859,0.9122889353609194
43-4131,Loan Interviewers and Clerks,Finance,167290.0,51040.673680435175,8538594300.0,rated,direct,18,2,0.1113373413027841,0.0,0.7255947447394826,0.0,0.4187499559988196,0.4187499559988196,0.16586834512792895,0.0,950664387.8251069,0.0,4041154105.8514314,8538594299.999999,0.0,916230284.0500233,0.0,0.2022,378790080.25428396,0.9090551924959188
43-4141,New Accounts Clerks,Finance,37560.0,47623.26943556975,1788730000.0,rated,direct,15,1,0.02349353138786218,0.0,0.5004968854609232,0.0037053654795836627,0.07963764423602643,0.02349353138786218,0.07963764423602643,0.0037053654795836627,42023584.39941072,0.0,149078141.76860324,1788730000.0,0.0,481787074.9171335,0.0,0.0,16894061.938141923,0.9811508102759487
43-4151,Order Clerks,Supply chain,81110.0,46318.56367895451,3756898700.0,rated,direct,19,8,0.4426432534096645,0.36734802288789953,0.7330315708981026,0.39736869994210744,0.5011199576814241,0.5011199576814241,0.4689301774251147,0.39736869994210744,1662965863.2985392,1492873952.2331934,488540275.98484784,3756898699.9999995,0.0,201275521.6056281,0.0,0.0748,640238770.100746,0.6119321856365657
43-4161,"Human Resources Assistants, Except Payroll and Timekeeping",People,91300.0,51041.47864184009,4660087000.0,rated,direct,19,3,0.1696443231003011,0.0850059933352669,0.9328413651002262,0.05256484567165521,0.3426318956405616,0.3426318956405616,0.1170794774286459,0.05256484567165521,790557304.7035128,0.0,1596694442.6599379,4660086999.999999,0.0,149207966.27197745,0.0,0.4046,313124514.3865808,0.8597421623891548
43-4171,Receptionists and Information Clerks,Customer support,963770.0,38474.58044969235,37080646400.0,rated,direct,18,2,0.10011887065845218,0.0,0.6337794638701963,0.0,0.264192482349149,0.264192482349149,0.10011887065845218,0.0,3712472440.8534007,0.0,9796428019.527035,37080646400.0,0.0,0.0,0.0,0.4338,1480917008.2342882,0.9184075482240922
43-4181,Reservation and Transportation Ticket Agents and Travel Clerks,Customer support,125990.0,47728.76180649258,6013346700.0,rated,direct,21,3,0.15396804946727655,0.0664225460650273,0.5057324651195068,0.15396804946727655,0.33388160163702874,0.33388160163702874,0.15396804946727655,0.15396804946727655,925863262.1694841,925863262.1694841,1081882565.225257,6013346700.0,0.0,1052219928.4620016,0.0,0.2467,367305806.4780726,0.8731178696606773
43-5011,Cargo and Freight Agents,Supply chain,96620.0,55439.07679569448,5356523600.0,rated,direct,55,10,0.23395573986270363,0.09564510701924628,0.6787401143642449,0.1970394213074924,0.30523490745004744,0.30523490745004744,0.23395573986270363,0.1970394213074924,1253189441.9300327,1055446310.3639259,579551674.9360689,5356523600.0,0.0,238715305.43662018,0.0,0.0165,493092402.28677446,0.8039406450851068
43-5021,Couriers and Messengers,Supply chain,67060.0,40151.22725917089,2692541300.0,rated,direct,15,0,0.0,0.0,0.18045960525214003,0.0,0.08199714647502508,0.08199714647502508,0.0,0.0,0.0,0.0,220780703.36615446,2692541300.0000005,0.0,548214223.6313906,0.0,0.0412,0.0,
43-5031,Public Safety Telecommunicators,Supply chain,96400.0,54940.22510373444,5296237700.0,rated,direct,18,0,0.0,0.0,0.3963938880955414,0.0,0.22923740664208714,0.22923740664208714,0.028243534175792225,0.0,0.0,0.0,1363680265.7911215,5296237699.999999,0.0,0.0,0.0,0.0465,0.0,
43-5032,"Dispatchers, Except Police, Fire, and Ambulance",Supply chain,209460.0,53184.985677456316,11140127100.0,rated,direct,12,2,0.20214250576223852,0.0,0.9263211462571622,0.0,0.20214250576223852,0.20214250576223852,0.0,0.20214250576223852,2251893206.5038195,0.0,2251893206.5038195,11140127100.0,0.0,0.0,0.0,0.2258,888960611.9273683,0.8317326652029577
43-5041,"Meter Readers, Utilities",Supply chain,19310.0,55777.742102537544,1077068200.0,rated,direct,12,2,0.10270089468318805,0.07474131060905127,0.3708661175197187,0.07474131060905127,0.15483500144616288,0.15483500144616288,0.07474131060905127,0.10270089468318805,110615867.77481093,80501488.88333176,86266367.4212843,1077068199.9999998,0.0,171869081.61053753,0.0,0.0,44113425.14562943,0.9162588507745539
43-5051,Postal Service Clerks,Supply chain,78060.0,61070.0,4767124200.0,rated,direct,19,1,0.02764142346854081,0.02764142346854081,0.2882211289177914,0.0,0.02764142346854081,0.02764142346854081,0.02764142346854081,0.0,131770098.73932883,0.0,131770098.73932883,4767124200.0,0.0,2123880561.3478463,0.0,0.0,52951213.195629016,0.9778042603508107
43-5052,Postal Service Mail Carriers,Supply chain,336040.0,59880.0,20122075200.0,rated,direct,21,2,0.06936606507940761,0.0,0.12958906140978677,0.017147083925193624,0.06936606507940761,0.06936606507940761,0.052218981154213986,0.017147083925193624,1395789177.855934,0.0,1395789177.855934,20122075200.0,0.0,8587815160.304949,0.0,0.0,558527269.3408712,0.9438249619704884
43-5053,"Postal Service Mail Sorters, Processors, and Processing Machine Operators",Supply chain,111920.0,58310.0,6526055200.0,rated,direct,14,0,0.0,0.0,0.02406951396309035,0.0,0.02406951396309035,0.0,0.02406951396309035,0.0,0.0,0.0,157078976.7602984,6526055199.999998,0.0,3124636651.387859,0.0,0.0,0.0,
43-5061,"Production, Planning, and Expediting Clerks",Supply chain,384010.0,60368.75498033905,23182205600.0,rated,direct,17,6,0.3208366903262944,0.14642512775555572,0.786546539524286,0.18538150075416526,0.4398641302159599,0.4398641302159599,0.18538150075416526,0.28188031732768487,7437702119.167688,3394457416.635559,6802563286.095995,23182205600.0,0.0,0.0,0.0,0.0934,2900279638.9051905,0.7261009352686836
43-5071,"Shipping, Receiving, and Inventory Clerks",Supply chain,856930.0,44894.108153524794,38471108100.0,rated,direct,11,1,0.06991334993986788,0.06991334993986788,0.5717606173688687,0.06991334993986788,0.1784162111920013,0.1784162111920013,0.10439122905102419,0.06991334993986788,2689644043.1697855,2689644043.1697855,5500627518.734153,38471108099.99999,0.0,8634181114.552595,0.0,0.0,1076205603.7237976,0.9433754193263161
43-5111,"Weighers, Measurers, Checkers, and Samplers, Recordkeeping",Supply chain,47760.0,46614.740368509214,2226320000.0,rated,direct,18,3,0.19823638268858973,0.02775822640820852,0.2984126269209363,0.10012765756296145,0.19823638268858973,0.19823638268858973,0.10012765756296145,0.19823638268858973,441337623.5072611,222916206.58557233,218421416.92168877,2226319999.9999995,0.0,905893446.4654483,0.0,0.0,174293060.88001797,0.8351194715019378
43-6011,Executive Secretaries and Executive Administrative Assistants,Admin,471240.0,77069.19107036754,36318085600.0,rated,direct,22,0,0.0,0.0,0.689632611932398,0.0,0.07785373432513644,0.07785373432513644,0.0,0.0,0.0,0.0,2827498587.4999633,36318085600.0,0.0,2032080559.507864,0.0,0.2336,0.0,
43-6012,Legal Secretaries and Administrative Assistants,Admin,152940.0,60106.78435987969,9192731600.0,rated,direct,14,0,0.0,0.0,0.6070038185633186,0.0,0.1300742383658132,0.028164002983067198,0.0,0.1300742383658132,0.0,0.0,1454641681.5762794,9192731600.000002,0.0,2085930655.8933594,0.0,0.0,0.0,
43-6013,Medical Secretaries and Administrative Assistants,Admin,824350.0,45590.909079881116,37582865900.0,rated,direct,15,0,0.0,0.0,0.6977050791104443,0.0,0.11984740636484481,0.11984740636484481,0.0,0.0,0.0,0.0,4504209001.872769,37582865900.00001,0.0,0.0,0.0,0.3623,0.0,
43-6014,"Secretaries and Administrative Assistants, Except Legal, Medical, and Executive",Admin,1737380.0,47639.684294742656,82768234700.0,rated,direct,31,2,0.0997286448147735,0.0,0.5746115616435575,0.0997286448147735,0.14721366548734835,0.0997286448147735,0.12086897427918356,0.14721366548734835,8254363880.342112,4974320787.087563,12240085273.01674,82768234699.99998,0.0,4312239692.330585,0.0,0.4528,3292822641.972232,0.9187320861988933
43-9021,Data Entry Keyers,Admin,129690.0,42171.0825815406,5469167700.0,rated,direct,9,3,0.42520581006393604,0.14440584539335596,0.5599919744297469,0.18674973819232904,0.42520581006393604,0.42520581006393604,0.18674973819232904,0.42520581006393604,2325521882.254014,789779785.3165362,1767327947.7258837,5469167699.999999,0.0,989745180.8948467,0.0,0.6707,896967810.5124925,0.6286521212503302
43-9022,Word Processors and Typists,Admin,34120.0,49524.53692848769,1689777200.0,rated,direct,19,4,0.21474842013748552,0.21474842013748552,0.5114281857941785,0.13376726418274942,0.25431638852067073,0.21474842013748552,0.25431638852067073,0.13376726418274942,362876984.0843439,226036873.1223866,203701161.78618458,1689777200.0,0.0,362510274.198647,0.0,0.2385,143064141.02834097,0.8207646922523177
43-9031,Desktop Publishers,Admin,2880.0,60715.381944444445,174860300.0,rated,direct,18,3,0.18136833413262515,0.18136833413262515,0.9384310763044141,0.12517977537473213,0.3034456556953621,0.3034456556953621,0.18136833413262515,0.12517977537473213,31714121.316931073,21888973.07595827,31171625.31262944,174860300.0,0.0,10765960.46808724,0.0,0.464,12546258.15904887,0.8496813838425438
43-9041,Insurance Claims and Policy Processing Clerks,Claims & underwriting,222650.0,52200.29822591511,11622396400.0,partly,direct,25,7,0.35133648559035574,0.0,0.8553008500811423,0.16376762986256688,0.5786345214340425,0.5786345214340425,0.18756885572778884,0.16376762986256688,4083371905.3140025,0.0,6725119778.830738,11622396400.0,0.0,352035650.18438345,0.0,0.1467,1587226288.1938612,0.6980795940793425
43-9051,"Mail Clerks and Mail Machine Operators, Except Postal Service",Admin,60560.0,40156.60336856011,2431883900.0,rated,direct,26,1,0.02164028746081062,0.02164028746081062,0.06841234139240421,0.0,0.02960337571128957,0.02164028746081062,0.0,0.02960337571128957,52626666.66731723,0.0,71991972.77793616,2431883900.0,0.0,1002064632.7546556,0.0,0.0,21160606.907954074,0.9826442053216715
43-9061,"Office Clerks, General",Admin,2508580.0,45460.092363010146,114040278500.0,rated,direct,20,1,0.060201510775086314,0.060201510775086314,0.5244829461620103,0.060201510775086314,0.12582874353053047,0.060201510775086314,0.060201510775086314,0.12582874353053047,6865397054.911594,6865397054.911594,7484147900.615176,114040278500.0,0.0,23601358463.84293,0.0,0.4504,2749753812.7201266,0.9513378636392028
43-9071,"Office Machine Operators, Except Computer",Admin,21120.0,41786.75189393939,882536200.0,rated,direct,18,3,0.1952759487266093,0.0,0.1952759487266093,0.04710147815842685,0.1952759487266093,0.1952759487266093,0.04710147815842685,0.1952759487266093,172338093.74057662,41568759.54832103,130769334.19225557,882536200.0,0.0,192674740.3281078,0.0,0.0239,68080474.31154221,0.8376826208260875
43-9081,Proofreaders and Copy Markers,Admin,3360.0,52305.92261904762,175747900.0,rated,direct,11,2,0.22610292121237147,0.22610292121237147,0.8261394453846174,0.22610292121237147,0.24690320127469215,0.24690320127469215,0.22610292121237147,0.22610292121237147,39737113.58693974,39737113.58693974,3655605.5403647283,175747900.0,0.0,30555627.366488826,0.0,0.1781,15648028.404591804,0.8108355616200361
43-9111,Statistical Assistants,Admin,4910.0,56150.855397148676,275700700.0,rated,direct,14,4,0.36800635194923953,0.2957393081701773,0.8065308126580193,0.2618504002143167,0.5785443159549108,0.5785443159549108,0.36800635194923953,0.2618504002143167,101459608.8368517,72192338.63436727,87312734.25542283,275700700.0,0.0,42039640.98541533,0.0,0.5099,39369177.40012672,0.6826071315360798
